variable,country,type_of_offense,sex,age_groups,informatio_type_with_measure_unit,year,value,offense_category,sex_clean
Victims of rape and domestic violence ,Poland,rape (ICCS 03011) ,males,up to 16 years,value [person],2023,14,Rape_ICCS,Male
Victims of rape and domestic violence ,Poland,rape (ICCS 03011) ,males,from 17 to 20 years,value [person],2023,5,Rape_ICCS,Male
Victims of rape and domestic violence ,Poland,rape (ICCS 03011) ,males,from 21 to 24 years,value [person],2023,2,Rape_ICCS,Male
Victims of rape and domestic violence ,Poland,rape (ICCS 03011) ,males,from 25 to 29 years,value [person],2023,2,Rape_ICCS,Male
Victims of rape and domestic violence ,Poland,rape (ICCS 03011) ,males,from 30 to 49 years,value [person],2023,2,Rape_ICCS,Male
Victims of rape and domestic violence ,Poland,rape (ICCS 03011) ,males,50 years and more,value [person],2023,2,Rape_ICCS,Male
Victims of rape and domestic violence ,Poland,rape (ICCS 03011) ,males,unknown/unidentified,value [person],2023,0,Rape_ICCS,Male
Victims of rape and domestic violence ,Poland,rape (ICCS 03011) ,females,up to 16 years,value [person],2023,87,Rape_ICCS,Female
Victims of rape and domestic violence ,Poland,rape (ICCS 03011) ,females,from 17 to 20 years,value [person],2023,55,Rape_ICCS,Female
Victims of rape and domestic violence ,Poland,rape (ICCS 03011) ,females,from 21 to 24 years,value [person],2023,52,Rape_ICCS,Female
Victims of rape and domestic violence ,Poland,rape (ICCS 03011) ,females,from 25 to 29 years,value [person],2023,56,Rape_ICCS,Female
Victims of rape and domestic violence ,Poland,rape (ICCS 03011) ,females,from 30 to 49 years,value [person],2023,188,Rape_ICCS,Female
Victims of rape and domestic violence ,Poland,rape (ICCS 03011) ,females,50 years and more,value [person],2023,39,Rape_ICCS,Female
Victims of rape and domestic violence ,Poland,rape (ICCS 03011) ,females,unknown/unidentified,value [person],2023,1,Rape_ICCS,Female
Victims of rape and domestic violence ,Poland,rape (ICCS 03011) ,unknown,up to 16 years,value [person],2023,0,Rape_ICCS,Unknown
Victims of rape and domestic violence ,Poland,rape (ICCS 03011) ,unknown,from 17 to 20 years,value [person],2023,0,Rape_ICCS,Unknown
Victims of rape and domestic violence ,Poland,rape (ICCS 03011) ,unknown,from 21 to 24 years,value [person],2023,0,Rape_ICCS,Unknown
Victims of rape and domestic violence ,Poland,rape (ICCS 03011) ,unknown,from 25 to 29 years,value [person],2023,0,Rape_ICCS,Unknown
Victims of rape and domestic violence ,Poland,rape (ICCS 03011) ,unknown,from 30 to 49 years,value [person],2023,0,Rape_ICCS,Unknown
Victims of rape and domestic violence ,Poland,rape (ICCS 03011) ,unknown,50 years and more,value [person],2023,0,Rape_ICCS,Unknown
Victims of rape and domestic violence ,Poland,rape (ICCS 03011) ,unknown,unknown/unidentified,value [person],2023,1,Rape_ICCS,Unknown
Victims of rape and domestic violence ,Poland,rape (art. 197 Criminal Code),males,up to 16 years,value [person],2023,74,Rape_Criminal_Code,Male
Victims of rape and domestic violence ,Poland,rape (art. 197 Criminal Code),males,from 17 to 20 years,value [person],2023,13,Rape_Criminal_Code,Male
Victims of rape and domestic violence ,Poland,rape (art. 197 Criminal Code),males,from 21 to 24 years,value [person],2023,6,Rape_Criminal_Code,Male
Victims of rape and domestic violence ,Poland,rape (art. 197 Criminal Code),males,from 25 to 29 years,value [person],2023,5,Rape_Criminal_Code,Male
Victims of rape and domestic violence ,Poland,rape (art. 197 Criminal Code),males,from 30 to 49 years,value [person],2023,6,Rape_Criminal_Code,Male
Victims of rape and domestic violence ,Poland,rape (art. 197 Criminal Code),males,50 years and more,value [person],2023,3,Rape_Criminal_Code,Male
Victims of rape and domestic violence ,Poland,rape (art. 197 Criminal Code),males,unknown/unidentified,value [person],2023,0,Rape_Criminal_Code,Male
Victims of rape and domestic violence ,Poland,rape (art. 197 Criminal Code),females,up to 16 years,value [person],2023,337,Rape_Criminal_Code,Female
Victims of rape and domestic violence ,Poland,rape (art. 197 Criminal Code),females,from 17 to 20 years,value [person],2023,153,Rape_Criminal_Code,Female
Victims of rape and domestic violence ,Poland,rape (art. 197 Criminal Code),females,from 21 to 24 years,value [person],2023,105,Rape_Criminal_Code,Female
Victims of rape and domestic violence ,Poland,rape (art. 197 Criminal Code),females,from 25 to 29 years,value [person],2023,103,Rape_Criminal_Code,Female
Victims of rape and domestic violence ,Poland,rape (art. 197 Criminal Code),females,from 30 to 49 years,value [person],2023,270,Rape_Criminal_Code,Female
Victims of rape and domestic violence ,Poland,rape (art. 197 Criminal Code),females,50 years and more,value [person],2023,52,Rape_Criminal_Code,Female
Victims of rape and domestic violence ,Poland,rape (art. 197 Criminal Code),females,unknown/unidentified,value [person],2023,1,Rape_Criminal_Code,Female
Victims of rape and domestic violence ,Poland,rape (art. 197 Criminal Code),unknown,up to 16 years,value [person],2023,0,Rape_Criminal_Code,Unknown
Victims of rape and domestic violence ,Poland,rape (art. 197 Criminal Code),unknown,from 17 to 20 years,value [person],2023,0,Rape_Criminal_Code,Unknown
Victims of rape and domestic violence ,Poland,rape (art. 197 Criminal Code),unknown,from 21 to 24 years,value [person],2023,0,Rape_Criminal_Code,Unknown
Victims of rape and domestic violence ,Poland,rape (art. 197 Criminal Code),unknown,from 25 to 29 years,value [person],2023,0,Rape_Criminal_Code,Unknown
Victims of rape and domestic violence ,Poland,rape (art. 197 Criminal Code),unknown,from 30 to 49 years,value [person],2023,0,Rape_Criminal_Code,Unknown
Victims of rape and domestic violence ,Poland,rape (art. 197 Criminal Code),unknown,50 years and more,value [person],2023,0,Rape_Criminal_Code,Unknown
Victims of rape and domestic violence ,Poland,rape (art. 197 Criminal Code),unknown,unknown/unidentified,value [person],2023,2,Rape_Criminal_Code,Unknown
Victims of rape and domestic violence ,Poland,domestic violence (Art. 207 Criminal Code) ,males,up to 16 years,value [person],2023,1847,Domestic_Violence,Male
Victims of rape and domestic violence ,Poland,domestic violence (Art. 207 Criminal Code) ,males,from 17 to 20 years,value [person],2023,283,Domestic_Violence,Male
Victims of rape and domestic violence ,Poland,domestic violence (Art. 207 Criminal Code) ,males,from 21 to 24 years,value [person],2023,155,Domestic_Violence,Male
Victims of rape and domestic violence ,Poland,domestic violence (Art. 207 Criminal Code) ,males,from 25 to 29 years,value [person],2023,133,Domestic_Violence,Male
Victims of rape and domestic violence ,Poland,domestic violence (Art. 207 Criminal Code) ,males,from 30 to 49 years,value [person],2023,519,Domestic_Violence,Male
Victims of rape and domestic violence ,Poland,domestic violence (Art. 207 Criminal Code) ,males,50 years and more,value [person],2023,1130,Domestic_Violence,Male
Victims of rape and domestic violence ,Poland,domestic violence (Art. 207 Criminal Code) ,males,unknown/unidentified,value [person],2023,0,Domestic_Violence,Male
Victims of rape and domestic violence ,Poland,domestic violence (Art. 207 Criminal Code) ,females,up to 16 years,value [person],2023,1741,Domestic_Violence,Female
Victims of rape and domestic violence ,Poland,domestic violence (Art. 207 Criminal Code) ,females,from 17 to 20 years,value [person],2023,516,Domestic_Violence,Female
Victims of rape and domestic violence ,Poland,domestic violence (Art. 207 Criminal Code) ,females,from 21 to 24 years,value [person],2023,557,Domestic_Violence,Female
Victims of rape and domestic violence ,Poland,domestic violence (Art. 207 Criminal Code) ,females,from 25 to 29 years,value [person],2023,870,Domestic_Violence,Female
Victims of rape and domestic violence ,Poland,domestic violence (Art. 207 Criminal Code) ,females,from 30 to 49 years,value [person],2023,6241,Domestic_Violence,Female
Victims of rape and domestic violence ,Poland,domestic violence (Art. 207 Criminal Code) ,females,50 years and more,value [person],2023,4691,Domestic_Violence,Female
Victims of rape and domestic violence ,Poland,domestic violence (Art. 207 Criminal Code) ,females,unknown/unidentified,value [person],2023,0,Domestic_Violence,Female
Victims of rape and domestic violence ,Poland,domestic violence (Art. 207 Criminal Code) ,unknown,up to 16 years,value [person],2023,18,Domestic_Violence,Unknown
Victims of rape and domestic violence ,Poland,domestic violence (Art. 207 Criminal Code) ,unknown,from 17 to 20 years,value [person],2023,0,Domestic_Violence,Unknown
Victims of rape and domestic violence ,Poland,domestic violence (Art. 207 Criminal Code) ,unknown,from 21 to 24 years,value [person],2023,0,Domestic_Violence,Unknown
Victims of rape and domestic violence ,Poland,domestic violence (Art. 207 Criminal Code) ,unknown,from 25 to 29 years,value [person],2023,0,Domestic_Violence,Unknown
Victims of rape and domestic violence ,Poland,domestic violence (Art. 207 Criminal Code) ,unknown,from 30 to 49 years,value [person],2023,0,Domestic_Violence,Unknown
Victims of rape and domestic violence ,Poland,domestic violence (Art. 207 Criminal Code) ,unknown,50 years and more,value [person],2023,0,Domestic_Violence,Unknown
Victims of rape and domestic violence ,Poland,domestic violence (Art. 207 Criminal Code) ,unknown,unknown/unidentified,value [person],2023,0,Domestic_Violence,Unknown
