year,age_groups,offense_category,value
2013,50 years and more,Domestic_Violence,7
2013,50 years and more,Rape_Criminal_Code,0
2013,50 years and more,Rape_ICCS,0
2013,from 17 to 20 years,Domestic_Violence,1
2013,from 17 to 20 years,Rape_Criminal_Code,0
2013,from 17 to 20 years,Rape_ICCS,0
2013,from 21 to 24 years,Domestic_Violence,0
2013,from 21 to 24 years,Rape_Criminal_Code,0
2013,from 21 to 24 years,Rape_ICCS,0
2013,from 25 to 29 years,Domestic_Violence,2
2013,from 25 to 29 years,Rape_Criminal_Code,0
2013,from 25 to 29 years,Rape_ICCS,0
2013,from 30 to 49 years,Domestic_Violence,12
2013,from 30 to 49 years,Rape_Criminal_Code,1
2013,from 30 to 49 years,Rape_ICCS,1
2013,unknown/unidentified,Domestic_Violence,22431
2013,unknown/unidentified,Rape_Criminal_Code,1401
2013,unknown/unidentified,Rape_ICCS,794
2013,up to 16 years,Domestic_Violence,8
2013,up to 16 years,Rape_Criminal_Code,1
2013,up to 16 years,Rape_ICCS,1
2014,50 years and more,Domestic_Violence,14
2014,50 years and more,Rape_Criminal_Code,2
2014,50 years and more,Rape_ICCS,0
2014,from 17 to 20 years,Domestic_Violence,1
2014,from 17 to 20 years,Rape_Criminal_Code,0
2014,from 17 to 20 years,Rape_ICCS,0
2014,from 21 to 24 years,Domestic_Violence,4
2014,from 21 to 24 years,Rape_Criminal_Code,0
2014,from 21 to 24 years,Rape_ICCS,0
2014,from 25 to 29 years,Domestic_Violence,4
2014,from 25 to 29 years,Rape_Criminal_Code,0
2014,from 25 to 29 years,Rape_ICCS,0
2014,from 30 to 49 years,Domestic_Violence,16
2014,from 30 to 49 years,Rape_Criminal_Code,0
2014,from 30 to 49 years,Rape_ICCS,1
2014,unknown/unidentified,Domestic_Violence,23169
2014,unknown/unidentified,Rape_Criminal_Code,1353
2014,unknown/unidentified,Rape_ICCS,812
2014,up to 16 years,Domestic_Violence,7
2014,up to 16 years,Rape_Criminal_Code,3
2014,up to 16 years,Rape_ICCS,1
2015,50 years and more,Domestic_Violence,432
2015,50 years and more,Rape_Criminal_Code,17
2015,50 years and more,Rape_ICCS,12
2015,from 17 to 20 years,Domestic_Violence,67
2015,from 17 to 20 years,Rape_Criminal_Code,31
2015,from 17 to 20 years,Rape_ICCS,19
2015,from 21 to 24 years,Domestic_Violence,57
2015,from 21 to 24 years,Rape_Criminal_Code,31
2015,from 21 to 24 years,Rape_ICCS,11
2015,from 25 to 29 years,Domestic_Violence,97
2015,from 25 to 29 years,Rape_Criminal_Code,23
2015,from 25 to 29 years,Rape_ICCS,14
2015,from 30 to 49 years,Domestic_Violence,434
2015,from 30 to 49 years,Rape_Criminal_Code,50
2015,from 30 to 49 years,Rape_ICCS,26
2015,unknown/unidentified,Domestic_Violence,17956
2015,unknown/unidentified,Rape_Criminal_Code,1071
2015,unknown/unidentified,Rape_ICCS,569
2015,up to 16 years,Domestic_Violence,194
2015,up to 16 years,Rape_Criminal_Code,40
2015,up to 16 years,Rape_ICCS,21
2016,50 years and more,Domestic_Violence,6489
2016,50 years and more,Rape_Criminal_Code,94
2016,50 years and more,Rape_ICCS,69
2016,from 17 to 20 years,Domestic_Violence,992
2016,from 17 to 20 years,Rape_Criminal_Code,168
2016,from 17 to 20 years,Rape_ICCS,79
2016,from 21 to 24 years,Domestic_Violence,848
2016,from 21 to 24 years,Rape_Criminal_Code,153
2016,from 21 to 24 years,Rape_ICCS,73
2016,from 25 to 29 years,Domestic_Violence,1079
2016,from 25 to 29 years,Rape_Criminal_Code,147
2016,from 25 to 29 years,Rape_ICCS,74
2016,from 30 to 49 years,Domestic_Violence,6255
2016,from 30 to 49 years,Rape_Criminal_Code,428
2016,from 30 to 49 years,Rape_ICCS,318
2016,unknown/unidentified,Domestic_Violence,1384
2016,unknown/unidentified,Rape_Criminal_Code,188
2016,unknown/unidentified,Rape_ICCS,107
2016,up to 16 years,Domestic_Violence,2568
2016,up to 16 years,Rape_Criminal_Code,298
2016,up to 16 years,Rape_ICCS,75
2017,50 years and more,Domestic_Violence,7563
2017,50 years and more,Rape_Criminal_Code,111
2017,50 years and more,Rape_ICCS,85
2017,from 17 to 20 years,Domestic_Violence,1112
2017,from 17 to 20 years,Rape_Criminal_Code,208
2017,from 17 to 20 years,Rape_ICCS,91
2017,from 21 to 24 years,Domestic_Violence,917
2017,from 21 to 24 years,Rape_Criminal_Code,170
2017,from 21 to 24 years,Rape_ICCS,78
2017,from 25 to 29 years,Domestic_Violence,1271
2017,from 25 to 29 years,Rape_Criminal_Code,165
2017,from 25 to 29 years,Rape_ICCS,103
2017,from 30 to 49 years,Domestic_Violence,7255
2017,from 30 to 49 years,Rape_Criminal_Code,370
2017,from 30 to 49 years,Rape_ICCS,268
2017,unknown/unidentified,Domestic_Violence,8
2017,unknown/unidentified,Rape_Criminal_Code,1
2017,unknown/unidentified,Rape_ICCS,0
2017,up to 16 years,Domestic_Violence,3037
2017,up to 16 years,Rape_Criminal_Code,323
2017,up to 16 years,Rape_ICCS,97
2018,50 years and more,Domestic_Violence,7366
2018,50 years and more,Rape_Criminal_Code,100
2018,50 years and more,Rape_ICCS,70
2018,from 17 to 20 years,Domestic_Violence,1046
2018,from 17 to 20 years,Rape_Criminal_Code,215
2018,from 17 to 20 years,Rape_ICCS,110
2018,from 21 to 24 years,Domestic_Violence,904
2018,from 21 to 24 years,Rape_Criminal_Code,146
2018,from 21 to 24 years,Rape_ICCS,83
2018,from 25 to 29 years,Domestic_Violence,1256
2018,from 25 to 29 years,Rape_Criminal_Code,163
2018,from 25 to 29 years,Rape_ICCS,94
2018,from 30 to 49 years,Domestic_Violence,6969
2018,from 30 to 49 years,Rape_Criminal_Code,424
2018,from 30 to 49 years,Rape_ICCS,319
2018,unknown/unidentified,Domestic_Violence,12
2018,unknown/unidentified,Rape_Criminal_Code,2
2018,unknown/unidentified,Rape_ICCS,2
2018,up to 16 years,Domestic_Violence,3019
2018,up to 16 years,Rape_Criminal_Code,365
2018,up to 16 years,Rape_ICCS,86
2019,50 years and more,Domestic_Violence,7937
2019,50 years and more,Rape_Criminal_Code,137
2019,50 years and more,Rape_ICCS,95
2019,from 17 to 20 years,Domestic_Violence,1036
2019,from 17 to 20 years,Rape_Criminal_Code,218
2019,from 17 to 20 years,Rape_ICCS,101
2019,from 21 to 24 years,Domestic_Violence,875
2019,from 21 to 24 years,Rape_Criminal_Code,159
2019,from 21 to 24 years,Rape_ICCS,89
2019,from 25 to 29 years,Domestic_Violence,1360
2019,from 25 to 29 years,Rape_Criminal_Code,194
2019,from 25 to 29 years,Rape_ICCS,108
2019,from 30 to 49 years,Domestic_Violence,7543
2019,from 30 to 49 years,Rape_Criminal_Code,414
2019,from 30 to 49 years,Rape_ICCS,256
2019,unknown/unidentified,Domestic_Violence,0
2019,unknown/unidentified,Rape_Criminal_Code,0
2019,unknown/unidentified,Rape_ICCS,0
2019,up to 16 years,Domestic_Violence,3338
2019,up to 16 years,Rape_Criminal_Code,326
2019,up to 16 years,Rape_ICCS,70
2020,50 years and more,Domestic_Violence,7801
2020,50 years and more,Rape_Criminal_Code,105
2020,50 years and more,Rape_ICCS,71
2020,from 17 to 20 years,Domestic_Violence,1037
2020,from 17 to 20 years,Rape_Criminal_Code,141
2020,from 17 to 20 years,Rape_ICCS,65
2020,from 21 to 24 years,Domestic_Violence,918
2020,from 21 to 24 years,Rape_Criminal_Code,114
2020,from 21 to 24 years,Rape_ICCS,66
2020,from 25 to 29 years,Domestic_Violence,1289
2020,from 25 to 29 years,Rape_Criminal_Code,117
2020,from 25 to 29 years,Rape_ICCS,76
2020,from 30 to 49 years,Domestic_Violence,7507
2020,from 30 to 49 years,Rape_Criminal_Code,297
2020,from 30 to 49 years,Rape_ICCS,212
2020,unknown/unidentified,Domestic_Violence,7
2020,unknown/unidentified,Rape_Criminal_Code,0
2020,unknown/unidentified,Rape_ICCS,0
2020,up to 16 years,Domestic_Violence,3328
2020,up to 16 years,Rape_Criminal_Code,322
2020,up to 16 years,Rape_ICCS,82
2021,50 years and more,Domestic_Violence,7721
2021,50 years and more,Rape_Criminal_Code,74
2021,50 years and more,Rape_ICCS,51
2021,from 17 to 20 years,Domestic_Violence,1027
2021,from 17 to 20 years,Rape_Criminal_Code,175
2021,from 17 to 20 years,Rape_ICCS,91
2021,from 21 to 24 years,Domestic_Violence,874
2021,from 21 to 24 years,Rape_Criminal_Code,140
2021,from 21 to 24 years,Rape_ICCS,76
2021,from 25 to 29 years,Domestic_Violence,1234
2021,from 25 to 29 years,Rape_Criminal_Code,108
2021,from 25 to 29 years,Rape_ICCS,61
2021,from 30 to 49 years,Domestic_Violence,7360
2021,from 30 to 49 years,Rape_Criminal_Code,307
2021,from 30 to 49 years,Rape_ICCS,234
2021,unknown/unidentified,Domestic_Violence,0
2021,unknown/unidentified,Rape_Criminal_Code,0
2021,unknown/unidentified,Rape_ICCS,0
2021,up to 16 years,Domestic_Violence,3795
2021,up to 16 years,Rape_Criminal_Code,348
2021,up to 16 years,Rape_ICCS,86
2022,50 years and more,Domestic_Violence,6468
2022,50 years and more,Rape_Criminal_Code,86
2022,50 years and more,Rape_ICCS,66
2022,from 17 to 20 years,Domestic_Violence,878
2022,from 17 to 20 years,Rape_Criminal_Code,175
2022,from 17 to 20 years,Rape_ICCS,89
2022,from 21 to 24 years,Domestic_Violence,773
2022,from 21 to 24 years,Rape_Criminal_Code,113
2022,from 21 to 24 years,Rape_ICCS,59
2022,from 25 to 29 years,Domestic_Violence,1062
2022,from 25 to 29 years,Rape_Criminal_Code,133
2022,from 25 to 29 years,Rape_ICCS,83
2022,from 30 to 49 years,Domestic_Violence,6841
2022,from 30 to 49 years,Rape_Criminal_Code,287
2022,from 30 to 49 years,Rape_ICCS,215
2022,unknown/unidentified,Domestic_Violence,1
2022,unknown/unidentified,Rape_Criminal_Code,1
2022,unknown/unidentified,Rape_ICCS,1
2022,up to 16 years,Domestic_Violence,3428
2022,up to 16 years,Rape_Criminal_Code,329
2022,up to 16 years,Rape_ICCS,82
2023,50 years and more,Domestic_Violence,5821
2023,50 years and more,Rape_Criminal_Code,55
2023,50 years and more,Rape_ICCS,41
2023,from 17 to 20 years,Domestic_Violence,799
2023,from 17 to 20 years,Rape_Criminal_Code,166
2023,from 17 to 20 years,Rape_ICCS,60
2023,from 21 to 24 years,Domestic_Violence,712
2023,from 21 to 24 years,Rape_Criminal_Code,111
2023,from 21 to 24 years,Rape_ICCS,54
2023,from 25 to 29 years,Domestic_Violence,1003
2023,from 25 to 29 years,Rape_Criminal_Code,108
2023,from 25 to 29 years,Rape_ICCS,58
2023,from 30 to 49 years,Domestic_Violence,6760
2023,from 30 to 49 years,Rape_Criminal_Code,276
2023,from 30 to 49 years,Rape_ICCS,190
2023,unknown/unidentified,Domestic_Violence,0
2023,unknown/unidentified,Rape_Criminal_Code,3
2023,unknown/unidentified,Rape_ICCS,2
2023,up to 16 years,Domestic_Violence,3606
2023,up to 16 years,Rape_Criminal_Code,411
2023,up to 16 years,Rape_ICCS,101
