year,offense_category,sex_clean,value
2013,Domestic_Violence,Female,17535
2013,Domestic_Violence,Male,4404
2013,Domestic_Violence,Unknown,522
2013,Rape_Criminal_Code,Female,1288
2013,Rape_Criminal_Code,Male,89
2013,Rape_Criminal_Code,Unknown,26
2013,Rape_ICCS,Female,754
2013,Rape_ICCS,Male,28
2013,Rape_ICCS,Unknown,14
2014,Domestic_Violence,Female,18410
2014,Domestic_Violence,Male,4575
2014,Domestic_Violence,Unknown,230
2014,Rape_Criminal_Code,Female,1249
2014,Rape_Criminal_Code,Male,95
2014,Rape_Criminal_Code,Unknown,14
2014,Rape_ICCS,Female,769
2014,Rape_ICCS,Male,36
2014,Rape_ICCS,Unknown,9
2015,Domestic_Violence,Female,15219
2015,Domestic_Violence,Male,3860
2015,Domestic_Violence,Unknown,158
2015,Rape_Criminal_Code,Female,1168
2015,Rape_Criminal_Code,Male,90
2015,Rape_Criminal_Code,Unknown,5
2015,Rape_ICCS,Female,629
2015,Rape_ICCS,Male,38
2015,Rape_ICCS,Unknown,5
2016,Domestic_Violence,Female,15644
2016,Domestic_Violence,Male,3955
2016,Domestic_Violence,Unknown,16
2016,Rape_Criminal_Code,Female,1371
2016,Rape_Criminal_Code,Male,100
2016,Rape_Criminal_Code,Unknown,5
2016,Rape_ICCS,Female,752
2016,Rape_ICCS,Male,40
2016,Rape_ICCS,Unknown,3
2017,Domestic_Violence,Female,16905
2017,Domestic_Violence,Male,4252
2017,Domestic_Violence,Unknown,6
2017,Rape_Criminal_Code,Female,1240
2017,Rape_Criminal_Code,Male,103
2017,Rape_Criminal_Code,Unknown,5
2017,Rape_ICCS,Female,679
2017,Rape_ICCS,Male,42
2017,Rape_ICCS,Unknown,1
2018,Domestic_Violence,Female,16434
2018,Domestic_Violence,Male,4134
2018,Domestic_Violence,Unknown,4
2018,Rape_Criminal_Code,Female,1305
2018,Rape_Criminal_Code,Male,109
2018,Rape_Criminal_Code,Unknown,1
2018,Rape_ICCS,Female,730
2018,Rape_ICCS,Male,34
2018,Rape_ICCS,Unknown,0
2019,Domestic_Violence,Female,17456
2019,Domestic_Violence,Male,4613
2019,Domestic_Violence,Unknown,20
2019,Rape_Criminal_Code,Female,1365
2019,Rape_Criminal_Code,Male,83
2019,Rape_Criminal_Code,Unknown,0
2019,Rape_ICCS,Female,694
2019,Rape_ICCS,Male,24
2019,Rape_ICCS,Unknown,1
2020,Domestic_Violence,Female,17226
2020,Domestic_Violence,Male,4660
2020,Domestic_Violence,Unknown,1
2020,Rape_Criminal_Code,Female,1004
2020,Rape_Criminal_Code,Male,92
2020,Rape_Criminal_Code,Unknown,0
2020,Rape_ICCS,Female,546
2020,Rape_ICCS,Male,26
2020,Rape_ICCS,Unknown,0
2021,Domestic_Violence,Female,17211
2021,Domestic_Violence,Male,4800
2021,Domestic_Violence,Unknown,0
2021,Rape_Criminal_Code,Female,1066
2021,Rape_Criminal_Code,Male,86
2021,Rape_Criminal_Code,Unknown,0
2021,Rape_ICCS,Female,575
2021,Rape_ICCS,Male,24
2021,Rape_ICCS,Unknown,0
2022,Domestic_Violence,Female,15238
2022,Domestic_Violence,Male,4178
2022,Domestic_Violence,Unknown,35
2022,Rape_Criminal_Code,Female,1043
2022,Rape_Criminal_Code,Male,70
2022,Rape_Criminal_Code,Unknown,11
2022,Rape_ICCS,Female,572
2022,Rape_ICCS,Male,21
2022,Rape_ICCS,Unknown,2
2023,Domestic_Violence,Female,14616
2023,Domestic_Violence,Male,4067
2023,Domestic_Violence,Unknown,18
2023,Rape_Criminal_Code,Female,1021
2023,Rape_Criminal_Code,Male,107
2023,Rape_Criminal_Code,Unknown,2
2023,Rape_ICCS,Female,478
2023,Rape_ICCS,Male,27
2023,Rape_ICCS,Unknown,1
