﻿variable;country;type_of_offense;sex;age_groups;informatio_type_with_measure_unit;year;value;flag
Victims of rape and domestic violence ;Poland;rape (ICCS 03011) ;males;up to 16 years;value [person];2023;14;
Victims of rape and domestic violence ;Poland;rape (ICCS 03011) ;males;from 17 to 20 years;value [person];2023;5;
Victims of rape and domestic violence ;Poland;rape (ICCS 03011) ;males;from 21 to 24 years;value [person];2023;2;
Victims of rape and domestic violence ;Poland;rape (ICCS 03011) ;males;from 25 to 29 years;value [person];2023;2;
Victims of rape and domestic violence ;Poland;rape (ICCS 03011) ;males;from 30 to 49 years;value [person];2023;2;
Victims of rape and domestic violence ;Poland;rape (ICCS 03011) ;males;50 years and more;value [person];2023;2;
Victims of rape and domestic violence ;Poland;rape (ICCS 03011) ;males;unknown/unidentified;value [person];2023;0;
Victims of rape and domestic violence ;Poland;rape (ICCS 03011) ;females;up to 16 years;value [person];2023;87;
Victims of rape and domestic violence ;Poland;rape (ICCS 03011) ;females;from 17 to 20 years;value [person];2023;55;
Victims of rape and domestic violence ;Poland;rape (ICCS 03011) ;females;from 21 to 24 years;value [person];2023;52;
Victims of rape and domestic violence ;Poland;rape (ICCS 03011) ;females;from 25 to 29 years;value [person];2023;56;
Victims of rape and domestic violence ;Poland;rape (ICCS 03011) ;females;from 30 to 49 years;value [person];2023;188;
Victims of rape and domestic violence ;Poland;rape (ICCS 03011) ;females;50 years and more;value [person];2023;39;
Victims of rape and domestic violence ;Poland;rape (ICCS 03011) ;females;unknown/unidentified;value [person];2023;1;
Victims of rape and domestic violence ;Poland;rape (ICCS 03011) ;unknown;up to 16 years;value [person];2023;0;
Victims of rape and domestic violence ;Poland;rape (ICCS 03011) ;unknown;from 17 to 20 years;value [person];2023;0;
Victims of rape and domestic violence ;Poland;rape (ICCS 03011) ;unknown;from 21 to 24 years;value [person];2023;0;
Victims of rape and domestic violence ;Poland;rape (ICCS 03011) ;unknown;from 25 to 29 years;value [person];2023;0;
Victims of rape and domestic violence ;Poland;rape (ICCS 03011) ;unknown;from 30 to 49 years;value [person];2023;0;
Victims of rape and domestic violence ;Poland;rape (ICCS 03011) ;unknown;50 years and more;value [person];2023;0;
Victims of rape and domestic violence ;Poland;rape (ICCS 03011) ;unknown;unknown/unidentified;value [person];2023;1;
Victims of rape and domestic violence ;Poland;rape (art. 197 Criminal Code);males;up to 16 years;value [person];2023;74;
Victims of rape and domestic violence ;Poland;rape (art. 197 Criminal Code);males;from 17 to 20 years;value [person];2023;13;
Victims of rape and domestic violence ;Poland;rape (art. 197 Criminal Code);males;from 21 to 24 years;value [person];2023;6;
Victims of rape and domestic violence ;Poland;rape (art. 197 Criminal Code);males;from 25 to 29 years;value [person];2023;5;
Victims of rape and domestic violence ;Poland;rape (art. 197 Criminal Code);males;from 30 to 49 years;value [person];2023;6;
Victims of rape and domestic violence ;Poland;rape (art. 197 Criminal Code);males;50 years and more;value [person];2023;3;
Victims of rape and domestic violence ;Poland;rape (art. 197 Criminal Code);males;unknown/unidentified;value [person];2023;0;
Victims of rape and domestic violence ;Poland;rape (art. 197 Criminal Code);females;up to 16 years;value [person];2023;337;
Victims of rape and domestic violence ;Poland;rape (art. 197 Criminal Code);females;from 17 to 20 years;value [person];2023;153;
Victims of rape and domestic violence ;Poland;rape (art. 197 Criminal Code);females;from 21 to 24 years;value [person];2023;105;
Victims of rape and domestic violence ;Poland;rape (art. 197 Criminal Code);females;from 25 to 29 years;value [person];2023;103;
Victims of rape and domestic violence ;Poland;rape (art. 197 Criminal Code);females;from 30 to 49 years;value [person];2023;270;
Victims of rape and domestic violence ;Poland;rape (art. 197 Criminal Code);females;50 years and more;value [person];2023;52;
Victims of rape and domestic violence ;Poland;rape (art. 197 Criminal Code);females;unknown/unidentified;value [person];2023;1;
Victims of rape and domestic violence ;Poland;rape (art. 197 Criminal Code);unknown;up to 16 years;value [person];2023;0;
Victims of rape and domestic violence ;Poland;rape (art. 197 Criminal Code);unknown;from 17 to 20 years;value [person];2023;0;
Victims of rape and domestic violence ;Poland;rape (art. 197 Criminal Code);unknown;from 21 to 24 years;value [person];2023;0;
Victims of rape and domestic violence ;Poland;rape (art. 197 Criminal Code);unknown;from 25 to 29 years;value [person];2023;0;
Victims of rape and domestic violence ;Poland;rape (art. 197 Criminal Code);unknown;from 30 to 49 years;value [person];2023;0;
Victims of rape and domestic violence ;Poland;rape (art. 197 Criminal Code);unknown;50 years and more;value [person];2023;0;
Victims of rape and domestic violence ;Poland;rape (art. 197 Criminal Code);unknown;unknown/unidentified;value [person];2023;2;
Victims of rape and domestic violence ;Poland;domestic violence (Art. 207 Criminal Code) ;males;up to 16 years;value [person];2023;1847;
Victims of rape and domestic violence ;Poland;domestic violence (Art. 207 Criminal Code) ;males;from 17 to 20 years;value [person];2023;283;
Victims of rape and domestic violence ;Poland;domestic violence (Art. 207 Criminal Code) ;males;from 21 to 24 years;value [person];2023;155;
Victims of rape and domestic violence ;Poland;domestic violence (Art. 207 Criminal Code) ;males;from 25 to 29 years;value [person];2023;133;
Victims of rape and domestic violence ;Poland;domestic violence (Art. 207 Criminal Code) ;males;from 30 to 49 years;value [person];2023;519;
Victims of rape and domestic violence ;Poland;domestic violence (Art. 207 Criminal Code) ;males;50 years and more;value [person];2023;1130;
Victims of rape and domestic violence ;Poland;domestic violence (Art. 207 Criminal Code) ;males;unknown/unidentified;value [person];2023;0;
Victims of rape and domestic violence ;Poland;domestic violence (Art. 207 Criminal Code) ;females;up to 16 years;value [person];2023;1741;
Victims of rape and domestic violence ;Poland;domestic violence (Art. 207 Criminal Code) ;females;from 17 to 20 years;value [person];2023;516;
Victims of rape and domestic violence ;Poland;domestic violence (Art. 207 Criminal Code) ;females;from 21 to 24 years;value [person];2023;557;
Victims of rape and domestic violence ;Poland;domestic violence (Art. 207 Criminal Code) ;females;from 25 to 29 years;value [person];2023;870;
Victims of rape and domestic violence ;Poland;domestic violence (Art. 207 Criminal Code) ;females;from 30 to 49 years;value [person];2023;6241;
Victims of rape and domestic violence ;Poland;domestic violence (Art. 207 Criminal Code) ;females;50 years and more;value [person];2023;4691;
Victims of rape and domestic violence ;Poland;domestic violence (Art. 207 Criminal Code) ;females;unknown/unidentified;value [person];2023;0;
Victims of rape and domestic violence ;Poland;domestic violence (Art. 207 Criminal Code) ;unknown;up to 16 years;value [person];2023;18;
Victims of rape and domestic violence ;Poland;domestic violence (Art. 207 Criminal Code) ;unknown;from 17 to 20 years;value [person];2023;0;
Victims of rape and domestic violence ;Poland;domestic violence (Art. 207 Criminal Code) ;unknown;from 21 to 24 years;value [person];2023;0;
Victims of rape and domestic violence ;Poland;domestic violence (Art. 207 Criminal Code) ;unknown;from 25 to 29 years;value [person];2023;0;
Victims of rape and domestic violence ;Poland;domestic violence (Art. 207 Criminal Code) ;unknown;from 30 to 49 years;value [person];2023;0;
Victims of rape and domestic violence ;Poland;domestic violence (Art. 207 Criminal Code) ;unknown;50 years and more;value [person];2023;0;
Victims of rape and domestic violence ;Poland;domestic violence (Art. 207 Criminal Code) ;unknown;unknown/unidentified;value [person];2023;0;
Victims of rape and domestic violence ;Poland;rape (ICCS 03011) ;males;up to 16 years;value [person];2022;15;
Victims of rape and domestic violence ;Poland;rape (ICCS 03011) ;males;from 17 to 20 years;value [person];2022;1;
Victims of rape and domestic violence ;Poland;rape (ICCS 03011) ;males;from 21 to 24 years;value [person];2022;0;
Victims of rape and domestic violence ;Poland;rape (ICCS 03011) ;males;from 25 to 29 years;value [person];2022;1;
Victims of rape and domestic violence ;Poland;rape (ICCS 03011) ;males;from 30 to 49 years;value [person];2022;1;
Victims of rape and domestic violence ;Poland;rape (ICCS 03011) ;males;50 years and more;value [person];2022;3;
Victims of rape and domestic violence ;Poland;rape (ICCS 03011) ;males;unknown/unidentified;value [person];2022;0;
Victims of rape and domestic violence ;Poland;rape (ICCS 03011) ;females;up to 16 years;value [person];2022;65;
Victims of rape and domestic violence ;Poland;rape (ICCS 03011) ;females;from 17 to 20 years;value [person];2022;88;
Victims of rape and domestic violence ;Poland;rape (ICCS 03011) ;females;from 21 to 24 years;value [person];2022;59;
Victims of rape and domestic violence ;Poland;rape (ICCS 03011) ;females;from 25 to 29 years;value [person];2022;82;
Victims of rape and domestic violence ;Poland;rape (ICCS 03011) ;females;from 30 to 49 years;value [person];2022;214;
Victims of rape and domestic violence ;Poland;rape (ICCS 03011) ;females;50 years and more;value [person];2022;63;
Victims of rape and domestic violence ;Poland;rape (ICCS 03011) ;females;unknown/unidentified;value [person];2022;1;
Victims of rape and domestic violence ;Poland;rape (ICCS 03011) ;unknown;up to 16 years;value [person];2022;2;
Victims of rape and domestic violence ;Poland;rape (ICCS 03011) ;unknown;from 17 to 20 years;value [person];2022;0;
Victims of rape and domestic violence ;Poland;rape (ICCS 03011) ;unknown;from 21 to 24 years;value [person];2022;0;
Victims of rape and domestic violence ;Poland;rape (ICCS 03011) ;unknown;from 25 to 29 years;value [person];2022;0;
Victims of rape and domestic violence ;Poland;rape (ICCS 03011) ;unknown;from 30 to 49 years;value [person];2022;0;
Victims of rape and domestic violence ;Poland;rape (ICCS 03011) ;unknown;50 years and more;value [person];2022;0;
Victims of rape and domestic violence ;Poland;rape (ICCS 03011) ;unknown;unknown/unidentified;value [person];2022;0;
Victims of rape and domestic violence ;Poland;rape (art. 197 Criminal Code);males;up to 16 years;value [person];2022;48;
Victims of rape and domestic violence ;Poland;rape (art. 197 Criminal Code);males;from 17 to 20 years;value [person];2022;7;
Victims of rape and domestic violence ;Poland;rape (art. 197 Criminal Code);males;from 21 to 24 years;value [person];2022;2;
Victims of rape and domestic violence ;Poland;rape (art. 197 Criminal Code);males;from 25 to 29 years;value [person];2022;4;
Victims of rape and domestic violence ;Poland;rape (art. 197 Criminal Code);males;from 30 to 49 years;value [person];2022;6;
Victims of rape and domestic violence ;Poland;rape (art. 197 Criminal Code);males;50 years and more;value [person];2022;3;
Victims of rape and domestic violence ;Poland;rape (art. 197 Criminal Code);males;unknown/unidentified;value [person];2022;0;
Victims of rape and domestic violence ;Poland;rape (art. 197 Criminal Code);females;up to 16 years;value [person];2022;270;
Victims of rape and domestic violence ;Poland;rape (art. 197 Criminal Code);females;from 17 to 20 years;value [person];2022;168;
Victims of rape and domestic violence ;Poland;rape (art. 197 Criminal Code);females;from 21 to 24 years;value [person];2022;111;
Victims of rape and domestic violence ;Poland;rape (art. 197 Criminal Code);females;from 25 to 29 years;value [person];2022;129;
Victims of rape and domestic violence ;Poland;rape (art. 197 Criminal Code);females;from 30 to 49 years;value [person];2022;281;
Victims of rape and domestic violence ;Poland;rape (art. 197 Criminal Code);females;50 years and more;value [person];2022;83;
Victims of rape and domestic violence ;Poland;rape (art. 197 Criminal Code);females;unknown/unidentified;value [person];2022;1;
Victims of rape and domestic violence ;Poland;rape (art. 197 Criminal Code);unknown;up to 16 years;value [person];2022;11;
Victims of rape and domestic violence ;Poland;rape (art. 197 Criminal Code);unknown;from 17 to 20 years;value [person];2022;0;
Victims of rape and domestic violence ;Poland;rape (art. 197 Criminal Code);unknown;from 21 to 24 years;value [person];2022;0;
Victims of rape and domestic violence ;Poland;rape (art. 197 Criminal Code);unknown;from 25 to 29 years;value [person];2022;0;
Victims of rape and domestic violence ;Poland;rape (art. 197 Criminal Code);unknown;from 30 to 49 years;value [person];2022;0;
Victims of rape and domestic violence ;Poland;rape (art. 197 Criminal Code);unknown;50 years and more;value [person];2022;0;
Victims of rape and domestic violence ;Poland;rape (art. 197 Criminal Code);unknown;unknown/unidentified;value [person];2022;0;
Victims of rape and domestic violence ;Poland;domestic violence (Art. 207 Criminal Code) ;males;up to 16 years;value [person];2022;1762;
Victims of rape and domestic violence ;Poland;domestic violence (Art. 207 Criminal Code) ;males;from 17 to 20 years;value [person];2022;328;
Victims of rape and domestic violence ;Poland;domestic violence (Art. 207 Criminal Code) ;males;from 21 to 24 years;value [person];2022;182;
Victims of rape and domestic violence ;Poland;domestic violence (Art. 207 Criminal Code) ;males;from 25 to 29 years;value [person];2022;148;
Victims of rape and domestic violence ;Poland;domestic violence (Art. 207 Criminal Code) ;males;from 30 to 49 years;value [person];2022;536;
Victims of rape and domestic violence ;Poland;domestic violence (Art. 207 Criminal Code) ;males;50 years and more;value [person];2022;1222;
Victims of rape and domestic violence ;Poland;domestic violence (Art. 207 Criminal Code) ;males;unknown/unidentified;value [person];2022;0;
Victims of rape and domestic violence ;Poland;domestic violence (Art. 207 Criminal Code) ;females;up to 16 years;value [person];2022;1632;
Victims of rape and domestic violence ;Poland;domestic violence (Art. 207 Criminal Code) ;females;from 17 to 20 years;value [person];2022;550;
Victims of rape and domestic violence ;Poland;domestic violence (Art. 207 Criminal Code) ;females;from 21 to 24 years;value [person];2022;591;
Victims of rape and domestic violence ;Poland;domestic violence (Art. 207 Criminal Code) ;females;from 25 to 29 years;value [person];2022;914;
Victims of rape and domestic violence ;Poland;domestic violence (Art. 207 Criminal Code) ;females;from 30 to 49 years;value [person];2022;6305;
Victims of rape and domestic violence ;Poland;domestic violence (Art. 207 Criminal Code) ;females;50 years and more;value [person];2022;5246;
Victims of rape and domestic violence ;Poland;domestic violence (Art. 207 Criminal Code) ;females;unknown/unidentified;value [person];2022;0;
Victims of rape and domestic violence ;Poland;domestic violence (Art. 207 Criminal Code) ;unknown;up to 16 years;value [person];2022;34;
Victims of rape and domestic violence ;Poland;domestic violence (Art. 207 Criminal Code) ;unknown;from 17 to 20 years;value [person];2022;0;
Victims of rape and domestic violence ;Poland;domestic violence (Art. 207 Criminal Code) ;unknown;from 21 to 24 years;value [person];2022;0;
Victims of rape and domestic violence ;Poland;domestic violence (Art. 207 Criminal Code) ;unknown;from 25 to 29 years;value [person];2022;0;
Victims of rape and domestic violence ;Poland;domestic violence (Art. 207 Criminal Code) ;unknown;from 30 to 49 years;value [person];2022;0;
Victims of rape and domestic violence ;Poland;domestic violence (Art. 207 Criminal Code) ;unknown;50 years and more;value [person];2022;0;
Victims of rape and domestic violence ;Poland;domestic violence (Art. 207 Criminal Code) ;unknown;unknown/unidentified;value [person];2022;1;
Victims of rape and domestic violence ;Poland;rape (ICCS 03011) ;males;up to 16 years;value [person];2021;6;
Victims of rape and domestic violence ;Poland;rape (ICCS 03011) ;males;from 17 to 20 years;value [person];2021;9;
Victims of rape and domestic violence ;Poland;rape (ICCS 03011) ;males;from 21 to 24 years;value [person];2021;6;
Victims of rape and domestic violence ;Poland;rape (ICCS 03011) ;males;from 25 to 29 years;value [person];2021;0;
Victims of rape and domestic violence ;Poland;rape (ICCS 03011) ;males;from 30 to 49 years;value [person];2021;1;
Victims of rape and domestic violence ;Poland;rape (ICCS 03011) ;males;50 years and more;value [person];2021;2;
Victims of rape and domestic violence ;Poland;rape (ICCS 03011) ;males;unknown/unidentified;value [person];2021;0;
Victims of rape and domestic violence ;Poland;rape (ICCS 03011) ;females;up to 16 years;value [person];2021;80;
Victims of rape and domestic violence ;Poland;rape (ICCS 03011) ;females;from 17 to 20 years;value [person];2021;82;
Victims of rape and domestic violence ;Poland;rape (ICCS 03011) ;females;from 21 to 24 years;value [person];2021;70;
Victims of rape and domestic violence ;Poland;rape (ICCS 03011) ;females;from 25 to 29 years;value [person];2021;61;
Victims of rape and domestic violence ;Poland;rape (ICCS 03011) ;females;from 30 to 49 years;value [person];2021;233;
Victims of rape and domestic violence ;Poland;rape (ICCS 03011) ;females;50 years and more;value [person];2021;49;
Victims of rape and domestic violence ;Poland;rape (ICCS 03011) ;females;unknown/unidentified;value [person];2021;0;
Victims of rape and domestic violence ;Poland;rape (ICCS 03011) ;unknown;up to 16 years;value [person];2021;0;
Victims of rape and domestic violence ;Poland;rape (ICCS 03011) ;unknown;from 17 to 20 years;value [person];2021;0;
Victims of rape and domestic violence ;Poland;rape (ICCS 03011) ;unknown;from 21 to 24 years;value [person];2021;0;
Victims of rape and domestic violence ;Poland;rape (ICCS 03011) ;unknown;from 25 to 29 years;value [person];2021;0;
Victims of rape and domestic violence ;Poland;rape (ICCS 03011) ;unknown;from 30 to 49 years;value [person];2021;0;
Victims of rape and domestic violence ;Poland;rape (ICCS 03011) ;unknown;50 years and more;value [person];2021;0;
Victims of rape and domestic violence ;Poland;rape (ICCS 03011) ;unknown;unknown/unidentified;value [person];2021;0;
Victims of rape and domestic violence ;Poland;rape (art. 197 Criminal Code);males;up to 16 years;value [person];2021;42;
Victims of rape and domestic violence ;Poland;rape (art. 197 Criminal Code);males;from 17 to 20 years;value [person];2021;16;
Victims of rape and domestic violence ;Poland;rape (art. 197 Criminal Code);males;from 21 to 24 years;value [person];2021;10;
Victims of rape and domestic violence ;Poland;rape (art. 197 Criminal Code);males;from 25 to 29 years;value [person];2021;7;
Victims of rape and domestic violence ;Poland;rape (art. 197 Criminal Code);males;from 30 to 49 years;value [person];2021;8;
Victims of rape and domestic violence ;Poland;rape (art. 197 Criminal Code);males;50 years and more;value [person];2021;3;
Victims of rape and domestic violence ;Poland;rape (art. 197 Criminal Code);males;unknown/unidentified;value [person];2021;0;
Victims of rape and domestic violence ;Poland;rape (art. 197 Criminal Code);females;up to 16 years;value [person];2021;306;
Victims of rape and domestic violence ;Poland;rape (art. 197 Criminal Code);females;from 17 to 20 years;value [person];2021;159;
Victims of rape and domestic violence ;Poland;rape (art. 197 Criminal Code);females;from 21 to 24 years;value [person];2021;130;
Victims of rape and domestic violence ;Poland;rape (art. 197 Criminal Code);females;from 25 to 29 years;value [person];2021;101;
Victims of rape and domestic violence ;Poland;rape (art. 197 Criminal Code);females;from 30 to 49 years;value [person];2021;299;
Victims of rape and domestic violence ;Poland;rape (art. 197 Criminal Code);females;50 years and more;value [person];2021;71;
Victims of rape and domestic violence ;Poland;rape (art. 197 Criminal Code);females;unknown/unidentified;value [person];2021;0;
Victims of rape and domestic violence ;Poland;rape (art. 197 Criminal Code);unknown;up to 16 years;value [person];2021;0;
Victims of rape and domestic violence ;Poland;rape (art. 197 Criminal Code);unknown;from 17 to 20 years;value [person];2021;0;
Victims of rape and domestic violence ;Poland;rape (art. 197 Criminal Code);unknown;from 21 to 24 years;value [person];2021;0;
Victims of rape and domestic violence ;Poland;rape (art. 197 Criminal Code);unknown;from 25 to 29 years;value [person];2021;0;
Victims of rape and domestic violence ;Poland;rape (art. 197 Criminal Code);unknown;from 30 to 49 years;value [person];2021;0;
Victims of rape and domestic violence ;Poland;rape (art. 197 Criminal Code);unknown;50 years and more;value [person];2021;0;
Victims of rape and domestic violence ;Poland;rape (art. 197 Criminal Code);unknown;unknown/unidentified;value [person];2021;0;
Victims of rape and domestic violence ;Poland;domestic violence (Art. 207 Criminal Code) ;males;up to 16 years;value [person];2021;1947;
Victims of rape and domestic violence ;Poland;domestic violence (Art. 207 Criminal Code) ;males;from 17 to 20 years;value [person];2021;414;
Victims of rape and domestic violence ;Poland;domestic violence (Art. 207 Criminal Code) ;males;from 21 to 24 years;value [person];2021;218;
Victims of rape and domestic violence ;Poland;domestic violence (Art. 207 Criminal Code) ;males;from 25 to 29 years;value [person];2021;193;
Victims of rape and domestic violence ;Poland;domestic violence (Art. 207 Criminal Code) ;males;from 30 to 49 years;value [person];2021;620;
Victims of rape and domestic violence ;Poland;domestic violence (Art. 207 Criminal Code) ;males;50 years and more;value [person];2021;1408;
Victims of rape and domestic violence ;Poland;domestic violence (Art. 207 Criminal Code) ;males;unknown/unidentified;value [person];2021;0;
Victims of rape and domestic violence ;Poland;domestic violence (Art. 207 Criminal Code) ;females;up to 16 years;value [person];2021;1848;
Victims of rape and domestic violence ;Poland;domestic violence (Art. 207 Criminal Code) ;females;from 17 to 20 years;value [person];2021;613;
Victims of rape and domestic violence ;Poland;domestic violence (Art. 207 Criminal Code) ;females;from 21 to 24 years;value [person];2021;656;
Victims of rape and domestic violence ;Poland;domestic violence (Art. 207 Criminal Code) ;females;from 25 to 29 years;value [person];2021;1041;
Victims of rape and domestic violence ;Poland;domestic violence (Art. 207 Criminal Code) ;females;from 30 to 49 years;value [person];2021;6740;
Victims of rape and domestic violence ;Poland;domestic violence (Art. 207 Criminal Code) ;females;50 years and more;value [person];2021;6313;
Victims of rape and domestic violence ;Poland;domestic violence (Art. 207 Criminal Code) ;females;unknown/unidentified;value [person];2021;0;
Victims of rape and domestic violence ;Poland;domestic violence (Art. 207 Criminal Code) ;unknown;up to 16 years;value [person];2021;0;
Victims of rape and domestic violence ;Poland;domestic violence (Art. 207 Criminal Code) ;unknown;from 17 to 20 years;value [person];2021;0;
Victims of rape and domestic violence ;Poland;domestic violence (Art. 207 Criminal Code) ;unknown;from 21 to 24 years;value [person];2021;0;
Victims of rape and domestic violence ;Poland;domestic violence (Art. 207 Criminal Code) ;unknown;from 25 to 29 years;value [person];2021;0;
Victims of rape and domestic violence ;Poland;domestic violence (Art. 207 Criminal Code) ;unknown;from 30 to 49 years;value [person];2021;0;
Victims of rape and domestic violence ;Poland;domestic violence (Art. 207 Criminal Code) ;unknown;50 years and more;value [person];2021;0;
Victims of rape and domestic violence ;Poland;domestic violence (Art. 207 Criminal Code) ;unknown;unknown/unidentified;value [person];2021;0;
Victims of rape and domestic violence ;Poland;rape (ICCS 03011) ;males;up to 16 years;value [person];2020;10;
Victims of rape and domestic violence ;Poland;rape (ICCS 03011) ;males;from 17 to 20 years;value [person];2020;7;
Victims of rape and domestic violence ;Poland;rape (ICCS 03011) ;males;from 21 to 24 years;value [person];2020;0;
Victims of rape and domestic violence ;Poland;rape (ICCS 03011) ;males;from 25 to 29 years;value [person];2020;1;
Victims of rape and domestic violence ;Poland;rape (ICCS 03011) ;males;from 30 to 49 years;value [person];2020;6;
Victims of rape and domestic violence ;Poland;rape (ICCS 03011) ;males;50 years and more;value [person];2020;2;
Victims of rape and domestic violence ;Poland;rape (ICCS 03011) ;males;unknown/unidentified;value [person];2020;0;
Victims of rape and domestic violence ;Poland;rape (ICCS 03011) ;females;up to 16 years;value [person];2020;72;
Victims of rape and domestic violence ;Poland;rape (ICCS 03011) ;females;from 17 to 20 years;value [person];2020;58;
Victims of rape and domestic violence ;Poland;rape (ICCS 03011) ;females;from 21 to 24 years;value [person];2020;66;
Victims of rape and domestic violence ;Poland;rape (ICCS 03011) ;females;from 25 to 29 years;value [person];2020;75;
Victims of rape and domestic violence ;Poland;rape (ICCS 03011) ;females;from 30 to 49 years;value [person];2020;206;
Victims of rape and domestic violence ;Poland;rape (ICCS 03011) ;females;50 years and more;value [person];2020;69;
Victims of rape and domestic violence ;Poland;rape (ICCS 03011) ;females;unknown/unidentified;value [person];2020;0;
Victims of rape and domestic violence ;Poland;rape (ICCS 03011) ;unknown;up to 16 years;value [person];2020;0;
Victims of rape and domestic violence ;Poland;rape (ICCS 03011) ;unknown;from 17 to 20 years;value [person];2020;0;
Victims of rape and domestic violence ;Poland;rape (ICCS 03011) ;unknown;from 21 to 24 years;value [person];2020;0;
Victims of rape and domestic violence ;Poland;rape (ICCS 03011) ;unknown;from 25 to 29 years;value [person];2020;0;
Victims of rape and domestic violence ;Poland;rape (ICCS 03011) ;unknown;from 30 to 49 years;value [person];2020;0;
Victims of rape and domestic violence ;Poland;rape (ICCS 03011) ;unknown;50 years and more;value [person];2020;0;
Victims of rape and domestic violence ;Poland;rape (ICCS 03011) ;unknown;unknown/unidentified;value [person];2020;0;
Victims of rape and domestic violence ;Poland;rape (art. 197 Criminal Code);males;up to 16 years;value [person];2020;65;
Victims of rape and domestic violence ;Poland;rape (art. 197 Criminal Code);males;from 17 to 20 years;value [person];2020;11;
Victims of rape and domestic violence ;Poland;rape (art. 197 Criminal Code);males;from 21 to 24 years;value [person];2020;1;
Victims of rape and domestic violence ;Poland;rape (art. 197 Criminal Code);males;from 25 to 29 years;value [person];2020;2;
Victims of rape and domestic violence ;Poland;rape (art. 197 Criminal Code);males;from 30 to 49 years;value [person];2020;9;
Victims of rape and domestic violence ;Poland;rape (art. 197 Criminal Code);males;50 years and more;value [person];2020;4;
Victims of rape and domestic violence ;Poland;rape (art. 197 Criminal Code);males;unknown/unidentified;value [person];2020;0;
Victims of rape and domestic violence ;Poland;rape (art. 197 Criminal Code);females;up to 16 years;value [person];2020;257;
Victims of rape and domestic violence ;Poland;rape (art. 197 Criminal Code);females;from 17 to 20 years;value [person];2020;130;
Victims of rape and domestic violence ;Poland;rape (art. 197 Criminal Code);females;from 21 to 24 years;value [person];2020;113;
Victims of rape and domestic violence ;Poland;rape (art. 197 Criminal Code);females;from 25 to 29 years;value [person];2020;115;
Victims of rape and domestic violence ;Poland;rape (art. 197 Criminal Code);females;from 30 to 49 years;value [person];2020;288;
Victims of rape and domestic violence ;Poland;rape (art. 197 Criminal Code);females;50 years and more;value [person];2020;101;
Victims of rape and domestic violence ;Poland;rape (art. 197 Criminal Code);females;unknown/unidentified;value [person];2020;0;
Victims of rape and domestic violence ;Poland;rape (art. 197 Criminal Code);unknown;up to 16 years;value [person];2020;0;
Victims of rape and domestic violence ;Poland;rape (art. 197 Criminal Code);unknown;from 17 to 20 years;value [person];2020;0;
Victims of rape and domestic violence ;Poland;rape (art. 197 Criminal Code);unknown;from 21 to 24 years;value [person];2020;0;
Victims of rape and domestic violence ;Poland;rape (art. 197 Criminal Code);unknown;from 25 to 29 years;value [person];2020;0;
Victims of rape and domestic violence ;Poland;rape (art. 197 Criminal Code);unknown;from 30 to 49 years;value [person];2020;0;
Victims of rape and domestic violence ;Poland;rape (art. 197 Criminal Code);unknown;50 years and more;value [person];2020;0;
Victims of rape and domestic violence ;Poland;rape (art. 197 Criminal Code);unknown;unknown/unidentified;value [person];2020;0;
Victims of rape and domestic violence ;Poland;domestic violence (Art. 207 Criminal Code) ;males;up to 16 years;value [person];2020;1774;
Victims of rape and domestic violence ;Poland;domestic violence (Art. 207 Criminal Code) ;males;from 17 to 20 years;value [person];2020;383;
Victims of rape and domestic violence ;Poland;domestic violence (Art. 207 Criminal Code) ;males;from 21 to 24 years;value [person];2020;237;
Victims of rape and domestic violence ;Poland;domestic violence (Art. 207 Criminal Code) ;males;from 25 to 29 years;value [person];2020;183;
Victims of rape and domestic violence ;Poland;domestic violence (Art. 207 Criminal Code) ;males;from 30 to 49 years;value [person];2020;629;
Victims of rape and domestic violence ;Poland;domestic violence (Art. 207 Criminal Code) ;males;50 years and more;value [person];2020;1454;
Victims of rape and domestic violence ;Poland;domestic violence (Art. 207 Criminal Code) ;males;unknown/unidentified;value [person];2020;0;
Victims of rape and domestic violence ;Poland;domestic violence (Art. 207 Criminal Code) ;females;up to 16 years;value [person];2020;1554;
Victims of rape and domestic violence ;Poland;domestic violence (Art. 207 Criminal Code) ;females;from 17 to 20 years;value [person];2020;654;
Victims of rape and domestic violence ;Poland;domestic violence (Art. 207 Criminal Code) ;females;from 21 to 24 years;value [person];2020;681;
Victims of rape and domestic violence ;Poland;domestic violence (Art. 207 Criminal Code) ;females;from 25 to 29 years;value [person];2020;1106;
Victims of rape and domestic violence ;Poland;domestic violence (Art. 207 Criminal Code) ;females;from 30 to 49 years;value [person];2020;6878;
Victims of rape and domestic violence ;Poland;domestic violence (Art. 207 Criminal Code) ;females;50 years and more;value [person];2020;6347;
Victims of rape and domestic violence ;Poland;domestic violence (Art. 207 Criminal Code) ;females;unknown/unidentified;value [person];2020;6;
Victims of rape and domestic violence ;Poland;domestic violence (Art. 207 Criminal Code) ;unknown;up to 16 years;value [person];2020;0;
Victims of rape and domestic violence ;Poland;domestic violence (Art. 207 Criminal Code) ;unknown;from 17 to 20 years;value [person];2020;0;
Victims of rape and domestic violence ;Poland;domestic violence (Art. 207 Criminal Code) ;unknown;from 21 to 24 years;value [person];2020;0;
Victims of rape and domestic violence ;Poland;domestic violence (Art. 207 Criminal Code) ;unknown;from 25 to 29 years;value [person];2020;0;
Victims of rape and domestic violence ;Poland;domestic violence (Art. 207 Criminal Code) ;unknown;from 30 to 49 years;value [person];2020;0;
Victims of rape and domestic violence ;Poland;domestic violence (Art. 207 Criminal Code) ;unknown;50 years and more;value [person];2020;0;
Victims of rape and domestic violence ;Poland;domestic violence (Art. 207 Criminal Code) ;unknown;unknown/unidentified;value [person];2020;1;
Victims of rape and domestic violence ;Poland;rape (ICCS 03011) ;males;up to 16 years;value [person];2019;5;
Victims of rape and domestic violence ;Poland;rape (ICCS 03011) ;males;from 17 to 20 years;value [person];2019;3;
Victims of rape and domestic violence ;Poland;rape (ICCS 03011) ;males;from 21 to 24 years;value [person];2019;5;
Victims of rape and domestic violence ;Poland;rape (ICCS 03011) ;males;from 25 to 29 years;value [person];2019;3;
Victims of rape and domestic violence ;Poland;rape (ICCS 03011) ;males;from 30 to 49 years;value [person];2019;6;
Victims of rape and domestic violence ;Poland;rape (ICCS 03011) ;males;50 years and more;value [person];2019;2;
Victims of rape and domestic violence ;Poland;rape (ICCS 03011) ;males;unknown/unidentified;value [person];2019;0;
Victims of rape and domestic violence ;Poland;rape (ICCS 03011) ;females;up to 16 years;value [person];2019;64;
Victims of rape and domestic violence ;Poland;rape (ICCS 03011) ;females;from 17 to 20 years;value [person];2019;98;
Victims of rape and domestic violence ;Poland;rape (ICCS 03011) ;females;from 21 to 24 years;value [person];2019;84;
Victims of rape and domestic violence ;Poland;rape (ICCS 03011) ;females;from 25 to 29 years;value [person];2019;105;
Victims of rape and domestic violence ;Poland;rape (ICCS 03011) ;females;from 30 to 49 years;value [person];2019;250;
Victims of rape and domestic violence ;Poland;rape (ICCS 03011) ;females;50 years and more;value [person];2019;93;
Victims of rape and domestic violence ;Poland;rape (ICCS 03011) ;females;unknown/unidentified;value [person];2019;0;
Victims of rape and domestic violence ;Poland;rape (ICCS 03011) ;unknown;up to 16 years;value [person];2019;1;
Victims of rape and domestic violence ;Poland;rape (ICCS 03011) ;unknown;from 17 to 20 years;value [person];2019;0;
Victims of rape and domestic violence ;Poland;rape (ICCS 03011) ;unknown;from 21 to 24 years;value [person];2019;0;
Victims of rape and domestic violence ;Poland;rape (ICCS 03011) ;unknown;from 25 to 29 years;value [person];2019;0;
Victims of rape and domestic violence ;Poland;rape (ICCS 03011) ;unknown;from 30 to 49 years;value [person];2019;0;
Victims of rape and domestic violence ;Poland;rape (ICCS 03011) ;unknown;50 years and more;value [person];2019;0;
Victims of rape and domestic violence ;Poland;rape (ICCS 03011) ;unknown;unknown/unidentified;value [person];2019;0;
Victims of rape and domestic violence ;Poland;rape (art. 197 Criminal Code);males;up to 16 years;value [person];2019;52;
Victims of rape and domestic violence ;Poland;rape (art. 197 Criminal Code);males;from 17 to 20 years;value [person];2019;10;
Victims of rape and domestic violence ;Poland;rape (art. 197 Criminal Code);males;from 21 to 24 years;value [person];2019;6;
Victims of rape and domestic violence ;Poland;rape (art. 197 Criminal Code);males;from 25 to 29 years;value [person];2019;3;
Victims of rape and domestic violence ;Poland;rape (art. 197 Criminal Code);males;from 30 to 49 years;value [person];2019;9;
Victims of rape and domestic violence ;Poland;rape (art. 197 Criminal Code);males;50 years and more;value [person];2019;3;
Victims of rape and domestic violence ;Poland;rape (art. 197 Criminal Code);males;unknown/unidentified;value [person];2019;0;
Victims of rape and domestic violence ;Poland;rape (art. 197 Criminal Code);females;up to 16 years;value [person];2019;274;
Victims of rape and domestic violence ;Poland;rape (art. 197 Criminal Code);females;from 17 to 20 years;value [person];2019;208;
Victims of rape and domestic violence ;Poland;rape (art. 197 Criminal Code);females;from 21 to 24 years;value [person];2019;153;
Victims of rape and domestic violence ;Poland;rape (art. 197 Criminal Code);females;from 25 to 29 years;value [person];2019;191;
Victims of rape and domestic violence ;Poland;rape (art. 197 Criminal Code);females;from 30 to 49 years;value [person];2019;405;
Victims of rape and domestic violence ;Poland;rape (art. 197 Criminal Code);females;50 years and more;value [person];2019;134;
Victims of rape and domestic violence ;Poland;rape (art. 197 Criminal Code);females;unknown/unidentified;value [person];2019;0;
Victims of rape and domestic violence ;Poland;rape (art. 197 Criminal Code);unknown;up to 16 years;value [person];2019;0;
Victims of rape and domestic violence ;Poland;rape (art. 197 Criminal Code);unknown;from 17 to 20 years;value [person];2019;0;
Victims of rape and domestic violence ;Poland;rape (art. 197 Criminal Code);unknown;from 21 to 24 years;value [person];2019;0;
Victims of rape and domestic violence ;Poland;rape (art. 197 Criminal Code);unknown;from 25 to 29 years;value [person];2019;0;
Victims of rape and domestic violence ;Poland;rape (art. 197 Criminal Code);unknown;from 30 to 49 years;value [person];2019;0;
Victims of rape and domestic violence ;Poland;rape (art. 197 Criminal Code);unknown;50 years and more;value [person];2019;0;
Victims of rape and domestic violence ;Poland;rape (art. 197 Criminal Code);unknown;unknown/unidentified;value [person];2019;0;
Victims of rape and domestic violence ;Poland;domestic violence (Art. 207 Criminal Code) ;males;up to 16 years;value [person];2019;1780;
Victims of rape and domestic violence ;Poland;domestic violence (Art. 207 Criminal Code) ;males;from 17 to 20 years;value [person];2019;374;
Victims of rape and domestic violence ;Poland;domestic violence (Art. 207 Criminal Code) ;males;from 21 to 24 years;value [person];2019;232;
Victims of rape and domestic violence ;Poland;domestic violence (Art. 207 Criminal Code) ;males;from 25 to 29 years;value [person];2019;195;
Victims of rape and domestic violence ;Poland;domestic violence (Art. 207 Criminal Code) ;males;from 30 to 49 years;value [person];2019;628;
Victims of rape and domestic violence ;Poland;domestic violence (Art. 207 Criminal Code) ;males;50 years and more;value [person];2019;1404;
Victims of rape and domestic violence ;Poland;domestic violence (Art. 207 Criminal Code) ;males;unknown/unidentified;value [person];2019;0;
Victims of rape and domestic violence ;Poland;domestic violence (Art. 207 Criminal Code) ;females;up to 16 years;value [person];2019;1539;
Victims of rape and domestic violence ;Poland;domestic violence (Art. 207 Criminal Code) ;females;from 17 to 20 years;value [person];2019;662;
Victims of rape and domestic violence ;Poland;domestic violence (Art. 207 Criminal Code) ;females;from 21 to 24 years;value [person];2019;643;
Victims of rape and domestic violence ;Poland;domestic violence (Art. 207 Criminal Code) ;females;from 25 to 29 years;value [person];2019;1165;
Victims of rape and domestic violence ;Poland;domestic violence (Art. 207 Criminal Code) ;females;from 30 to 49 years;value [person];2019;6915;
Victims of rape and domestic violence ;Poland;domestic violence (Art. 207 Criminal Code) ;females;50 years and more;value [person];2019;6532;
Victims of rape and domestic violence ;Poland;domestic violence (Art. 207 Criminal Code) ;females;unknown/unidentified;value [person];2019;0;
Victims of rape and domestic violence ;Poland;domestic violence (Art. 207 Criminal Code) ;unknown;up to 16 years;value [person];2019;19;
Victims of rape and domestic violence ;Poland;domestic violence (Art. 207 Criminal Code) ;unknown;from 17 to 20 years;value [person];2019;0;
Victims of rape and domestic violence ;Poland;domestic violence (Art. 207 Criminal Code) ;unknown;from 21 to 24 years;value [person];2019;0;
Victims of rape and domestic violence ;Poland;domestic violence (Art. 207 Criminal Code) ;unknown;from 25 to 29 years;value [person];2019;0;
Victims of rape and domestic violence ;Poland;domestic violence (Art. 207 Criminal Code) ;unknown;from 30 to 49 years;value [person];2019;0;
Victims of rape and domestic violence ;Poland;domestic violence (Art. 207 Criminal Code) ;unknown;50 years and more;value [person];2019;1;
Victims of rape and domestic violence ;Poland;domestic violence (Art. 207 Criminal Code) ;unknown;unknown/unidentified;value [person];2019;0;
Victims of rape and domestic violence ;Poland;rape (ICCS 03011) ;males;up to 16 years;value [person];2018;7;
Victims of rape and domestic violence ;Poland;rape (ICCS 03011) ;males;from 17 to 20 years;value [person];2018;8;
Victims of rape and domestic violence ;Poland;rape (ICCS 03011) ;males;from 21 to 24 years;value [person];2018;2;
Victims of rape and domestic violence ;Poland;rape (ICCS 03011) ;males;from 25 to 29 years;value [person];2018;3;
Victims of rape and domestic violence ;Poland;rape (ICCS 03011) ;males;from 30 to 49 years;value [person];2018;10;
Victims of rape and domestic violence ;Poland;rape (ICCS 03011) ;males;50 years and more;value [person];2018;4;
Victims of rape and domestic violence ;Poland;rape (ICCS 03011) ;males;unknown/unidentified;value [person];2018;0;
Victims of rape and domestic violence ;Poland;rape (ICCS 03011) ;females;up to 16 years;value [person];2018;79;
Victims of rape and domestic violence ;Poland;rape (ICCS 03011) ;females;from 17 to 20 years;value [person];2018;102;
Victims of rape and domestic violence ;Poland;rape (ICCS 03011) ;females;from 21 to 24 years;value [person];2018;81;
Victims of rape and domestic violence ;Poland;rape (ICCS 03011) ;females;from 25 to 29 years;value [person];2018;91;
Victims of rape and domestic violence ;Poland;rape (ICCS 03011) ;females;from 30 to 49 years;value [person];2018;309;
Victims of rape and domestic violence ;Poland;rape (ICCS 03011) ;females;50 years and more;value [person];2018;66;
Victims of rape and domestic violence ;Poland;rape (ICCS 03011) ;females;unknown/unidentified;value [person];2018;2;
Victims of rape and domestic violence ;Poland;rape (ICCS 03011) ;unknown;up to 16 years;value [person];2018;0;
Victims of rape and domestic violence ;Poland;rape (ICCS 03011) ;unknown;from 17 to 20 years;value [person];2018;0;
Victims of rape and domestic violence ;Poland;rape (ICCS 03011) ;unknown;from 21 to 24 years;value [person];2018;0;
Victims of rape and domestic violence ;Poland;rape (ICCS 03011) ;unknown;from 25 to 29 years;value [person];2018;0;
Victims of rape and domestic violence ;Poland;rape (ICCS 03011) ;unknown;from 30 to 49 years;value [person];2018;0;
Victims of rape and domestic violence ;Poland;rape (ICCS 03011) ;unknown;50 years and more;value [person];2018;0;
Victims of rape and domestic violence ;Poland;rape (ICCS 03011) ;unknown;unknown/unidentified;value [person];2018;0;
Victims of rape and domestic violence ;Poland;rape (art. 197 Criminal Code);males;up to 16 years;value [person];2018;61;
Victims of rape and domestic violence ;Poland;rape (art. 197 Criminal Code);males;from 17 to 20 years;value [person];2018;17;
Victims of rape and domestic violence ;Poland;rape (art. 197 Criminal Code);males;from 21 to 24 years;value [person];2018;6;
Victims of rape and domestic violence ;Poland;rape (art. 197 Criminal Code);males;from 25 to 29 years;value [person];2018;5;
Victims of rape and domestic violence ;Poland;rape (art. 197 Criminal Code);males;from 30 to 49 years;value [person];2018;15;
Victims of rape and domestic violence ;Poland;rape (art. 197 Criminal Code);males;50 years and more;value [person];2018;5;
Victims of rape and domestic violence ;Poland;rape (art. 197 Criminal Code);males;unknown/unidentified;value [person];2018;0;
Victims of rape and domestic violence ;Poland;rape (art. 197 Criminal Code);females;up to 16 years;value [person];2018;303;
Victims of rape and domestic violence ;Poland;rape (art. 197 Criminal Code);females;from 17 to 20 years;value [person];2018;198;
Victims of rape and domestic violence ;Poland;rape (art. 197 Criminal Code);females;from 21 to 24 years;value [person];2018;140;
Victims of rape and domestic violence ;Poland;rape (art. 197 Criminal Code);females;from 25 to 29 years;value [person];2018;158;
Victims of rape and domestic violence ;Poland;rape (art. 197 Criminal Code);females;from 30 to 49 years;value [person];2018;409;
Victims of rape and domestic violence ;Poland;rape (art. 197 Criminal Code);females;50 years and more;value [person];2018;95;
Victims of rape and domestic violence ;Poland;rape (art. 197 Criminal Code);females;unknown/unidentified;value [person];2018;2;
Victims of rape and domestic violence ;Poland;rape (art. 197 Criminal Code);unknown;up to 16 years;value [person];2018;1;
Victims of rape and domestic violence ;Poland;rape (art. 197 Criminal Code);unknown;from 17 to 20 years;value [person];2018;0;
Victims of rape and domestic violence ;Poland;rape (art. 197 Criminal Code);unknown;from 21 to 24 years;value [person];2018;0;
Victims of rape and domestic violence ;Poland;rape (art. 197 Criminal Code);unknown;from 25 to 29 years;value [person];2018;0;
Victims of rape and domestic violence ;Poland;rape (art. 197 Criminal Code);unknown;from 30 to 49 years;value [person];2018;0;
Victims of rape and domestic violence ;Poland;rape (art. 197 Criminal Code);unknown;50 years and more;value [person];2018;0;
Victims of rape and domestic violence ;Poland;rape (art. 197 Criminal Code);unknown;unknown/unidentified;value [person];2018;0;
Victims of rape and domestic violence ;Poland;domestic violence (Art. 207 Criminal Code) ;males;up to 16 years;value [person];2018;1581;
Victims of rape and domestic violence ;Poland;domestic violence (Art. 207 Criminal Code) ;males;from 17 to 20 years;value [person];2018;373;
Victims of rape and domestic violence ;Poland;domestic violence (Art. 207 Criminal Code) ;males;from 21 to 24 years;value [person];2018;218;
Victims of rape and domestic violence ;Poland;domestic violence (Art. 207 Criminal Code) ;males;from 25 to 29 years;value [person];2018;194;
Victims of rape and domestic violence ;Poland;domestic violence (Art. 207 Criminal Code) ;males;from 30 to 49 years;value [person];2018;529;
Victims of rape and domestic violence ;Poland;domestic violence (Art. 207 Criminal Code) ;males;50 years and more;value [person];2018;1237;
Victims of rape and domestic violence ;Poland;domestic violence (Art. 207 Criminal Code) ;males;unknown/unidentified;value [person];2018;2;
Victims of rape and domestic violence ;Poland;domestic violence (Art. 207 Criminal Code) ;females;up to 16 years;value [person];2018;1434;
Victims of rape and domestic violence ;Poland;domestic violence (Art. 207 Criminal Code) ;females;from 17 to 20 years;value [person];2018;673;
Victims of rape and domestic violence ;Poland;domestic violence (Art. 207 Criminal Code) ;females;from 21 to 24 years;value [person];2018;686;
Victims of rape and domestic violence ;Poland;domestic violence (Art. 207 Criminal Code) ;females;from 25 to 29 years;value [person];2018;1062;
Victims of rape and domestic violence ;Poland;domestic violence (Art. 207 Criminal Code) ;females;from 30 to 49 years;value [person];2018;6440;
Victims of rape and domestic violence ;Poland;domestic violence (Art. 207 Criminal Code) ;females;50 years and more;value [person];2018;6129;
Victims of rape and domestic violence ;Poland;domestic violence (Art. 207 Criminal Code) ;females;unknown/unidentified;value [person];2018;10;
Victims of rape and domestic violence ;Poland;domestic violence (Art. 207 Criminal Code) ;unknown;up to 16 years;value [person];2018;4;
Victims of rape and domestic violence ;Poland;domestic violence (Art. 207 Criminal Code) ;unknown;from 17 to 20 years;value [person];2018;0;
Victims of rape and domestic violence ;Poland;domestic violence (Art. 207 Criminal Code) ;unknown;from 21 to 24 years;value [person];2018;0;
Victims of rape and domestic violence ;Poland;domestic violence (Art. 207 Criminal Code) ;unknown;from 25 to 29 years;value [person];2018;0;
Victims of rape and domestic violence ;Poland;domestic violence (Art. 207 Criminal Code) ;unknown;from 30 to 49 years;value [person];2018;0;
Victims of rape and domestic violence ;Poland;domestic violence (Art. 207 Criminal Code) ;unknown;50 years and more;value [person];2018;0;
Victims of rape and domestic violence ;Poland;domestic violence (Art. 207 Criminal Code) ;unknown;unknown/unidentified;value [person];2018;0;
Victims of rape and domestic violence ;Poland;rape (ICCS 03011) ;males;up to 16 years;value [person];2017;15;
Victims of rape and domestic violence ;Poland;rape (ICCS 03011) ;males;from 17 to 20 years;value [person];2017;4;
Victims of rape and domestic violence ;Poland;rape (ICCS 03011) ;males;from 21 to 24 years;value [person];2017;4;
Victims of rape and domestic violence ;Poland;rape (ICCS 03011) ;males;from 25 to 29 years;value [person];2017;3;
Victims of rape and domestic violence ;Poland;rape (ICCS 03011) ;males;from 30 to 49 years;value [person];2017;9;
Victims of rape and domestic violence ;Poland;rape (ICCS 03011) ;males;50 years and more;value [person];2017;7;
Victims of rape and domestic violence ;Poland;rape (ICCS 03011) ;males;unknown/unidentified;value [person];2017;0;
Victims of rape and domestic violence ;Poland;rape (ICCS 03011) ;females;up to 16 years;value [person];2017;81;
Victims of rape and domestic violence ;Poland;rape (ICCS 03011) ;females;from 17 to 20 years;value [person];2017;87;
Victims of rape and domestic violence ;Poland;rape (ICCS 03011) ;females;from 21 to 24 years;value [person];2017;74;
Victims of rape and domestic violence ;Poland;rape (ICCS 03011) ;females;from 25 to 29 years;value [person];2017;100;
Victims of rape and domestic violence ;Poland;rape (ICCS 03011) ;females;from 30 to 49 years;value [person];2017;259;
Victims of rape and domestic violence ;Poland;rape (ICCS 03011) ;females;50 years and more;value [person];2017;78;
Victims of rape and domestic violence ;Poland;rape (ICCS 03011) ;females;unknown/unidentified;value [person];2017;0;
Victims of rape and domestic violence ;Poland;rape (ICCS 03011) ;unknown;up to 16 years;value [person];2017;1;
Victims of rape and domestic violence ;Poland;rape (ICCS 03011) ;unknown;from 17 to 20 years;value [person];2017;0;
Victims of rape and domestic violence ;Poland;rape (ICCS 03011) ;unknown;from 21 to 24 years;value [person];2017;0;
Victims of rape and domestic violence ;Poland;rape (ICCS 03011) ;unknown;from 25 to 29 years;value [person];2017;0;
Victims of rape and domestic violence ;Poland;rape (ICCS 03011) ;unknown;from 30 to 49 years;value [person];2017;0;
Victims of rape and domestic violence ;Poland;rape (ICCS 03011) ;unknown;50 years and more;value [person];2017;0;
Victims of rape and domestic violence ;Poland;rape (ICCS 03011) ;unknown;unknown/unidentified;value [person];2017;0;
Victims of rape and domestic violence ;Poland;rape (art. 197 Criminal Code);males;up to 16 years;value [person];2017;57;
Victims of rape and domestic violence ;Poland;rape (art. 197 Criminal Code);males;from 17 to 20 years;value [person];2017;12;
Victims of rape and domestic violence ;Poland;rape (art. 197 Criminal Code);males;from 21 to 24 years;value [person];2017;7;
Victims of rape and domestic violence ;Poland;rape (art. 197 Criminal Code);males;from 25 to 29 years;value [person];2017;5;
Victims of rape and domestic violence ;Poland;rape (art. 197 Criminal Code);males;from 30 to 49 years;value [person];2017;14;
Victims of rape and domestic violence ;Poland;rape (art. 197 Criminal Code);males;50 years and more;value [person];2017;8;
Victims of rape and domestic violence ;Poland;rape (art. 197 Criminal Code);males;unknown/unidentified;value [person];2017;0;
Victims of rape and domestic violence ;Poland;rape (art. 197 Criminal Code);females;up to 16 years;value [person];2017;261;
Victims of rape and domestic violence ;Poland;rape (art. 197 Criminal Code);females;from 17 to 20 years;value [person];2017;196;
Victims of rape and domestic violence ;Poland;rape (art. 197 Criminal Code);females;from 21 to 24 years;value [person];2017;163;
Victims of rape and domestic violence ;Poland;rape (art. 197 Criminal Code);females;from 25 to 29 years;value [person];2017;160;
Victims of rape and domestic violence ;Poland;rape (art. 197 Criminal Code);females;from 30 to 49 years;value [person];2017;356;
Victims of rape and domestic violence ;Poland;rape (art. 197 Criminal Code);females;50 years and more;value [person];2017;103;
Victims of rape and domestic violence ;Poland;rape (art. 197 Criminal Code);females;unknown/unidentified;value [person];2017;1;
Victims of rape and domestic violence ;Poland;rape (art. 197 Criminal Code);unknown;up to 16 years;value [person];2017;5;
Victims of rape and domestic violence ;Poland;rape (art. 197 Criminal Code);unknown;from 17 to 20 years;value [person];2017;0;
Victims of rape and domestic violence ;Poland;rape (art. 197 Criminal Code);unknown;from 21 to 24 years;value [person];2017;0;
Victims of rape and domestic violence ;Poland;rape (art. 197 Criminal Code);unknown;from 25 to 29 years;value [person];2017;0;
Victims of rape and domestic violence ;Poland;rape (art. 197 Criminal Code);unknown;from 30 to 49 years;value [person];2017;0;
Victims of rape and domestic violence ;Poland;rape (art. 197 Criminal Code);unknown;50 years and more;value [person];2017;0;
Victims of rape and domestic violence ;Poland;rape (art. 197 Criminal Code);unknown;unknown/unidentified;value [person];2017;0;
Victims of rape and domestic violence ;Poland;domestic violence (Art. 207 Criminal Code) ;males;up to 16 years;value [person];2017;1593;
Victims of rape and domestic violence ;Poland;domestic violence (Art. 207 Criminal Code) ;males;from 17 to 20 years;value [person];2017;409;
Victims of rape and domestic violence ;Poland;domestic violence (Art. 207 Criminal Code) ;males;from 21 to 24 years;value [person];2017;235;
Victims of rape and domestic violence ;Poland;domestic violence (Art. 207 Criminal Code) ;males;from 25 to 29 years;value [person];2017;185;
Victims of rape and domestic violence ;Poland;domestic violence (Art. 207 Criminal Code) ;males;from 30 to 49 years;value [person];2017;561;
Victims of rape and domestic violence ;Poland;domestic violence (Art. 207 Criminal Code) ;males;50 years and more;value [person];2017;1267;
Victims of rape and domestic violence ;Poland;domestic violence (Art. 207 Criminal Code) ;males;unknown/unidentified;value [person];2017;2;
Victims of rape and domestic violence ;Poland;domestic violence (Art. 207 Criminal Code) ;females;up to 16 years;value [person];2017;1438;
Victims of rape and domestic violence ;Poland;domestic violence (Art. 207 Criminal Code) ;females;from 17 to 20 years;value [person];2017;703;
Victims of rape and domestic violence ;Poland;domestic violence (Art. 207 Criminal Code) ;females;from 21 to 24 years;value [person];2017;682;
Victims of rape and domestic violence ;Poland;domestic violence (Art. 207 Criminal Code) ;females;from 25 to 29 years;value [person];2017;1086;
Victims of rape and domestic violence ;Poland;domestic violence (Art. 207 Criminal Code) ;females;from 30 to 49 years;value [person];2017;6694;
Victims of rape and domestic violence ;Poland;domestic violence (Art. 207 Criminal Code) ;females;50 years and more;value [person];2017;6296;
Victims of rape and domestic violence ;Poland;domestic violence (Art. 207 Criminal Code) ;females;unknown/unidentified;value [person];2017;6;
Victims of rape and domestic violence ;Poland;domestic violence (Art. 207 Criminal Code) ;unknown;up to 16 years;value [person];2017;6;
Victims of rape and domestic violence ;Poland;domestic violence (Art. 207 Criminal Code) ;unknown;from 17 to 20 years;value [person];2017;0;
Victims of rape and domestic violence ;Poland;domestic violence (Art. 207 Criminal Code) ;unknown;from 21 to 24 years;value [person];2017;0;
Victims of rape and domestic violence ;Poland;domestic violence (Art. 207 Criminal Code) ;unknown;from 25 to 29 years;value [person];2017;0;
Victims of rape and domestic violence ;Poland;domestic violence (Art. 207 Criminal Code) ;unknown;from 30 to 49 years;value [person];2017;0;
Victims of rape and domestic violence ;Poland;domestic violence (Art. 207 Criminal Code) ;unknown;50 years and more;value [person];2017;0;
Victims of rape and domestic violence ;Poland;domestic violence (Art. 207 Criminal Code) ;unknown;unknown/unidentified;value [person];2017;0;
Victims of rape and domestic violence ;Poland;rape (ICCS 03011) ;males;up to 16 years;value [person];2016;11;
Victims of rape and domestic violence ;Poland;rape (ICCS 03011) ;males;from 17 to 20 years;value [person];2016;1;
Victims of rape and domestic violence ;Poland;rape (ICCS 03011) ;males;from 21 to 24 years;value [person];2016;0;
Victims of rape and domestic violence ;Poland;rape (ICCS 03011) ;males;from 25 to 29 years;value [person];2016;0;
Victims of rape and domestic violence ;Poland;rape (ICCS 03011) ;males;from 30 to 49 years;value [person];2016;20;
Victims of rape and domestic violence ;Poland;rape (ICCS 03011) ;males;50 years and more;value [person];2016;3;
Victims of rape and domestic violence ;Poland;rape (ICCS 03011) ;males;unknown/unidentified;value [person];2016;5;
Victims of rape and domestic violence ;Poland;rape (ICCS 03011) ;females;up to 16 years;value [person];2016;63;
Victims of rape and domestic violence ;Poland;rape (ICCS 03011) ;females;from 17 to 20 years;value [person];2016;78;
Victims of rape and domestic violence ;Poland;rape (ICCS 03011) ;females;from 21 to 24 years;value [person];2016;72;
Victims of rape and domestic violence ;Poland;rape (ICCS 03011) ;females;from 25 to 29 years;value [person];2016;74;
Victims of rape and domestic violence ;Poland;rape (ICCS 03011) ;females;from 30 to 49 years;value [person];2016;298;
Victims of rape and domestic violence ;Poland;rape (ICCS 03011) ;females;50 years and more;value [person];2016;66;
Victims of rape and domestic violence ;Poland;rape (ICCS 03011) ;females;unknown/unidentified;value [person];2016;101;
Victims of rape and domestic violence ;Poland;rape (ICCS 03011) ;unknown;up to 16 years;value [person];2016;1;
Victims of rape and domestic violence ;Poland;rape (ICCS 03011) ;unknown;from 17 to 20 years;value [person];2016;0;
Victims of rape and domestic violence ;Poland;rape (ICCS 03011) ;unknown;from 21 to 24 years;value [person];2016;1;
Victims of rape and domestic violence ;Poland;rape (ICCS 03011) ;unknown;from 25 to 29 years;value [person];2016;0;
Victims of rape and domestic violence ;Poland;rape (ICCS 03011) ;unknown;from 30 to 49 years;value [person];2016;0;
Victims of rape and domestic violence ;Poland;rape (ICCS 03011) ;unknown;50 years and more;value [person];2016;0;
Victims of rape and domestic violence ;Poland;rape (ICCS 03011) ;unknown;unknown/unidentified;value [person];2016;1;
Victims of rape and domestic violence ;Poland;rape (art. 197 Criminal Code);males;up to 16 years;value [person];2016;47;
Victims of rape and domestic violence ;Poland;rape (art. 197 Criminal Code);males;from 17 to 20 years;value [person];2016;7;
Victims of rape and domestic violence ;Poland;rape (art. 197 Criminal Code);males;from 21 to 24 years;value [person];2016;1;
Victims of rape and domestic violence ;Poland;rape (art. 197 Criminal Code);males;from 25 to 29 years;value [person];2016;1;
Victims of rape and domestic violence ;Poland;rape (art. 197 Criminal Code);males;from 30 to 49 years;value [person];2016;26;
Victims of rape and domestic violence ;Poland;rape (art. 197 Criminal Code);males;50 years and more;value [person];2016;5;
Victims of rape and domestic violence ;Poland;rape (art. 197 Criminal Code);males;unknown/unidentified;value [person];2016;13;
Victims of rape and domestic violence ;Poland;rape (art. 197 Criminal Code);females;up to 16 years;value [person];2016;249;
Victims of rape and domestic violence ;Poland;rape (art. 197 Criminal Code);females;from 17 to 20 years;value [person];2016;161;
Victims of rape and domestic violence ;Poland;rape (art. 197 Criminal Code);females;from 21 to 24 years;value [person];2016;152;
Victims of rape and domestic violence ;Poland;rape (art. 197 Criminal Code);females;from 25 to 29 years;value [person];2016;146;
Victims of rape and domestic violence ;Poland;rape (art. 197 Criminal Code);females;from 30 to 49 years;value [person];2016;401;
Victims of rape and domestic violence ;Poland;rape (art. 197 Criminal Code);females;50 years and more;value [person];2016;89;
Victims of rape and domestic violence ;Poland;rape (art. 197 Criminal Code);females;unknown/unidentified;value [person];2016;173;
Victims of rape and domestic violence ;Poland;rape (art. 197 Criminal Code);unknown;up to 16 years;value [person];2016;2;
Victims of rape and domestic violence ;Poland;rape (art. 197 Criminal Code);unknown;from 17 to 20 years;value [person];2016;0;
Victims of rape and domestic violence ;Poland;rape (art. 197 Criminal Code);unknown;from 21 to 24 years;value [person];2016;0;
Victims of rape and domestic violence ;Poland;rape (art. 197 Criminal Code);unknown;from 25 to 29 years;value [person];2016;0;
Victims of rape and domestic violence ;Poland;rape (art. 197 Criminal Code);unknown;from 30 to 49 years;value [person];2016;1;
Victims of rape and domestic violence ;Poland;rape (art. 197 Criminal Code);unknown;50 years and more;value [person];2016;0;
Victims of rape and domestic violence ;Poland;rape (art. 197 Criminal Code);unknown;unknown/unidentified;value [person];2016;2;
Victims of rape and domestic violence ;Poland;domestic violence (Art. 207 Criminal Code) ;males;up to 16 years;value [person];2016;1365;
Victims of rape and domestic violence ;Poland;domestic violence (Art. 207 Criminal Code) ;males;from 17 to 20 years;value [person];2016;357;
Victims of rape and domestic violence ;Poland;domestic violence (Art. 207 Criminal Code) ;males;from 21 to 24 years;value [person];2016;230;
Victims of rape and domestic violence ;Poland;domestic violence (Art. 207 Criminal Code) ;males;from 25 to 29 years;value [person];2016;169;
Victims of rape and domestic violence ;Poland;domestic violence (Art. 207 Criminal Code) ;males;from 30 to 49 years;value [person];2016;505;
Victims of rape and domestic violence ;Poland;domestic violence (Art. 207 Criminal Code) ;males;50 years and more;value [person];2016;1035;
Victims of rape and domestic violence ;Poland;domestic violence (Art. 207 Criminal Code) ;males;unknown/unidentified;value [person];2016;294;
Victims of rape and domestic violence ;Poland;domestic violence (Art. 207 Criminal Code) ;females;up to 16 years;value [person];2016;1198;
Victims of rape and domestic violence ;Poland;domestic violence (Art. 207 Criminal Code) ;females;from 17 to 20 years;value [person];2016;635;
Victims of rape and domestic violence ;Poland;domestic violence (Art. 207 Criminal Code) ;females;from 21 to 24 years;value [person];2016;618;
Victims of rape and domestic violence ;Poland;domestic violence (Art. 207 Criminal Code) ;females;from 25 to 29 years;value [person];2016;910;
Victims of rape and domestic violence ;Poland;domestic violence (Art. 207 Criminal Code) ;females;from 30 to 49 years;value [person];2016;5749;
Victims of rape and domestic violence ;Poland;domestic violence (Art. 207 Criminal Code) ;females;50 years and more;value [person];2016;5454;
Victims of rape and domestic violence ;Poland;domestic violence (Art. 207 Criminal Code) ;females;unknown/unidentified;value [person];2016;1080;
Victims of rape and domestic violence ;Poland;domestic violence (Art. 207 Criminal Code) ;unknown;up to 16 years;value [person];2016;5;
Victims of rape and domestic violence ;Poland;domestic violence (Art. 207 Criminal Code) ;unknown;from 17 to 20 years;value [person];2016;0;
Victims of rape and domestic violence ;Poland;domestic violence (Art. 207 Criminal Code) ;unknown;from 21 to 24 years;value [person];2016;0;
Victims of rape and domestic violence ;Poland;domestic violence (Art. 207 Criminal Code) ;unknown;from 25 to 29 years;value [person];2016;0;
Victims of rape and domestic violence ;Poland;domestic violence (Art. 207 Criminal Code) ;unknown;from 30 to 49 years;value [person];2016;1;
Victims of rape and domestic violence ;Poland;domestic violence (Art. 207 Criminal Code) ;unknown;50 years and more;value [person];2016;0;
Victims of rape and domestic violence ;Poland;domestic violence (Art. 207 Criminal Code) ;unknown;unknown/unidentified;value [person];2016;10;
Victims of rape and domestic violence ;Poland;rape (ICCS 03011) ;males;up to 16 years;value [person];2015;0;
Victims of rape and domestic violence ;Poland;rape (ICCS 03011) ;males;from 17 to 20 years;value [person];2015;1;
Victims of rape and domestic violence ;Poland;rape (ICCS 03011) ;males;from 21 to 24 years;value [person];2015;0;
Victims of rape and domestic violence ;Poland;rape (ICCS 03011) ;males;from 25 to 29 years;value [person];2015;1;
Victims of rape and domestic violence ;Poland;rape (ICCS 03011) ;males;from 30 to 49 years;value [person];2015;1;
Victims of rape and domestic violence ;Poland;rape (ICCS 03011) ;males;50 years and more;value [person];2015;0;
Victims of rape and domestic violence ;Poland;rape (ICCS 03011) ;males;unknown/unidentified;value [person];2015;35;
Victims of rape and domestic violence ;Poland;rape (ICCS 03011) ;females;up to 16 years;value [person];2015;21;
Victims of rape and domestic violence ;Poland;rape (ICCS 03011) ;females;from 17 to 20 years;value [person];2015;18;
Victims of rape and domestic violence ;Poland;rape (ICCS 03011) ;females;from 21 to 24 years;value [person];2015;11;
Victims of rape and domestic violence ;Poland;rape (ICCS 03011) ;females;from 25 to 29 years;value [person];2015;13;
Victims of rape and domestic violence ;Poland;rape (ICCS 03011) ;females;from 30 to 49 years;value [person];2015;25;
Victims of rape and domestic violence ;Poland;rape (ICCS 03011) ;females;50 years and more;value [person];2015;12;
Victims of rape and domestic violence ;Poland;rape (ICCS 03011) ;females;unknown/unidentified;value [person];2015;529;
Victims of rape and domestic violence ;Poland;rape (ICCS 03011) ;unknown;up to 16 years;value [person];2015;0;
Victims of rape and domestic violence ;Poland;rape (ICCS 03011) ;unknown;from 17 to 20 years;value [person];2015;0;
Victims of rape and domestic violence ;Poland;rape (ICCS 03011) ;unknown;from 21 to 24 years;value [person];2015;0;
Victims of rape and domestic violence ;Poland;rape (ICCS 03011) ;unknown;from 25 to 29 years;value [person];2015;0;
Victims of rape and domestic violence ;Poland;rape (ICCS 03011) ;unknown;from 30 to 49 years;value [person];2015;0;
Victims of rape and domestic violence ;Poland;rape (ICCS 03011) ;unknown;50 years and more;value [person];2015;0;
Victims of rape and domestic violence ;Poland;rape (ICCS 03011) ;unknown;unknown/unidentified;value [person];2015;5;
Victims of rape and domestic violence ;Poland;rape (art. 197 Criminal Code);males;up to 16 years;value [person];2015;2;
Victims of rape and domestic violence ;Poland;rape (art. 197 Criminal Code);males;from 17 to 20 years;value [person];2015;3;
Victims of rape and domestic violence ;Poland;rape (art. 197 Criminal Code);males;from 21 to 24 years;value [person];2015;0;
Victims of rape and domestic violence ;Poland;rape (art. 197 Criminal Code);males;from 25 to 29 years;value [person];2015;2;
Victims of rape and domestic violence ;Poland;rape (art. 197 Criminal Code);males;from 30 to 49 years;value [person];2015;1;
Victims of rape and domestic violence ;Poland;rape (art. 197 Criminal Code);males;50 years and more;value [person];2015;0;
Victims of rape and domestic violence ;Poland;rape (art. 197 Criminal Code);males;unknown/unidentified;value [person];2015;82;
Victims of rape and domestic violence ;Poland;rape (art. 197 Criminal Code);females;up to 16 years;value [person];2015;38;
Victims of rape and domestic violence ;Poland;rape (art. 197 Criminal Code);females;from 17 to 20 years;value [person];2015;28;
Victims of rape and domestic violence ;Poland;rape (art. 197 Criminal Code);females;from 21 to 24 years;value [person];2015;31;
Victims of rape and domestic violence ;Poland;rape (art. 197 Criminal Code);females;from 25 to 29 years;value [person];2015;21;
Victims of rape and domestic violence ;Poland;rape (art. 197 Criminal Code);females;from 30 to 49 years;value [person];2015;49;
Victims of rape and domestic violence ;Poland;rape (art. 197 Criminal Code);females;50 years and more;value [person];2015;17;
Victims of rape and domestic violence ;Poland;rape (art. 197 Criminal Code);females;unknown/unidentified;value [person];2015;984;
Victims of rape and domestic violence ;Poland;rape (art. 197 Criminal Code);unknown;up to 16 years;value [person];2015;0;
Victims of rape and domestic violence ;Poland;rape (art. 197 Criminal Code);unknown;from 17 to 20 years;value [person];2015;0;
Victims of rape and domestic violence ;Poland;rape (art. 197 Criminal Code);unknown;from 21 to 24 years;value [person];2015;0;
Victims of rape and domestic violence ;Poland;rape (art. 197 Criminal Code);unknown;from 25 to 29 years;value [person];2015;0;
Victims of rape and domestic violence ;Poland;rape (art. 197 Criminal Code);unknown;from 30 to 49 years;value [person];2015;0;
Victims of rape and domestic violence ;Poland;rape (art. 197 Criminal Code);unknown;50 years and more;value [person];2015;0;
Victims of rape and domestic violence ;Poland;rape (art. 197 Criminal Code);unknown;unknown/unidentified;value [person];2015;5;
Victims of rape and domestic violence ;Poland;domestic violence (Art. 207 Criminal Code) ;males;up to 16 years;value [person];2015;104;
Victims of rape and domestic violence ;Poland;domestic violence (Art. 207 Criminal Code) ;males;from 17 to 20 years;value [person];2015;26;
Victims of rape and domestic violence ;Poland;domestic violence (Art. 207 Criminal Code) ;males;from 21 to 24 years;value [person];2015;13;
Victims of rape and domestic violence ;Poland;domestic violence (Art. 207 Criminal Code) ;males;from 25 to 29 years;value [person];2015;22;
Victims of rape and domestic violence ;Poland;domestic violence (Art. 207 Criminal Code) ;males;from 30 to 49 years;value [person];2015;42;
Victims of rape and domestic violence ;Poland;domestic violence (Art. 207 Criminal Code) ;males;50 years and more;value [person];2015;67;
Victims of rape and domestic violence ;Poland;domestic violence (Art. 207 Criminal Code) ;males;unknown/unidentified;value [person];2015;3586;
Victims of rape and domestic violence ;Poland;domestic violence (Art. 207 Criminal Code) ;females;up to 16 years;value [person];2015;89;
Victims of rape and domestic violence ;Poland;domestic violence (Art. 207 Criminal Code) ;females;from 17 to 20 years;value [person];2015;41;
Victims of rape and domestic violence ;Poland;domestic violence (Art. 207 Criminal Code) ;females;from 21 to 24 years;value [person];2015;44;
Victims of rape and domestic violence ;Poland;domestic violence (Art. 207 Criminal Code) ;females;from 25 to 29 years;value [person];2015;75;
Victims of rape and domestic violence ;Poland;domestic violence (Art. 207 Criminal Code) ;females;from 30 to 49 years;value [person];2015;392;
Victims of rape and domestic violence ;Poland;domestic violence (Art. 207 Criminal Code) ;females;50 years and more;value [person];2015;365;
Victims of rape and domestic violence ;Poland;domestic violence (Art. 207 Criminal Code) ;females;unknown/unidentified;value [person];2015;14213;
Victims of rape and domestic violence ;Poland;domestic violence (Art. 207 Criminal Code) ;unknown;up to 16 years;value [person];2015;1;
Victims of rape and domestic violence ;Poland;domestic violence (Art. 207 Criminal Code) ;unknown;from 17 to 20 years;value [person];2015;0;
Victims of rape and domestic violence ;Poland;domestic violence (Art. 207 Criminal Code) ;unknown;from 21 to 24 years;value [person];2015;0;
Victims of rape and domestic violence ;Poland;domestic violence (Art. 207 Criminal Code) ;unknown;from 25 to 29 years;value [person];2015;0;
Victims of rape and domestic violence ;Poland;domestic violence (Art. 207 Criminal Code) ;unknown;from 30 to 49 years;value [person];2015;0;
Victims of rape and domestic violence ;Poland;domestic violence (Art. 207 Criminal Code) ;unknown;50 years and more;value [person];2015;0;
Victims of rape and domestic violence ;Poland;domestic violence (Art. 207 Criminal Code) ;unknown;unknown/unidentified;value [person];2015;157;
Victims of rape and domestic violence ;Poland;rape (ICCS 03011) ;males;up to 16 years;value [person];2014;0;
Victims of rape and domestic violence ;Poland;rape (ICCS 03011) ;males;from 17 to 20 years;value [person];2014;0;
Victims of rape and domestic violence ;Poland;rape (ICCS 03011) ;males;from 21 to 24 years;value [person];2014;0;
Victims of rape and domestic violence ;Poland;rape (ICCS 03011) ;males;from 25 to 29 years;value [person];2014;0;
Victims of rape and domestic violence ;Poland;rape (ICCS 03011) ;males;from 30 to 49 years;value [person];2014;0;
Victims of rape and domestic violence ;Poland;rape (ICCS 03011) ;males;50 years and more;value [person];2014;0;
Victims of rape and domestic violence ;Poland;rape (ICCS 03011) ;males;unknown/unidentified;value [person];2014;36;
Victims of rape and domestic violence ;Poland;rape (ICCS 03011) ;females;up to 16 years;value [person];2014;1;
Victims of rape and domestic violence ;Poland;rape (ICCS 03011) ;females;from 17 to 20 years;value [person];2014;0;
Victims of rape and domestic violence ;Poland;rape (ICCS 03011) ;females;from 21 to 24 years;value [person];2014;0;
Victims of rape and domestic violence ;Poland;rape (ICCS 03011) ;females;from 25 to 29 years;value [person];2014;0;
Victims of rape and domestic violence ;Poland;rape (ICCS 03011) ;females;from 30 to 49 years;value [person];2014;1;
Victims of rape and domestic violence ;Poland;rape (ICCS 03011) ;females;50 years and more;value [person];2014;0;
Victims of rape and domestic violence ;Poland;rape (ICCS 03011) ;females;unknown/unidentified;value [person];2014;767;
Victims of rape and domestic violence ;Poland;rape (ICCS 03011) ;unknown;up to 16 years;value [person];2014;0;
Victims of rape and domestic violence ;Poland;rape (ICCS 03011) ;unknown;from 17 to 20 years;value [person];2014;0;
Victims of rape and domestic violence ;Poland;rape (ICCS 03011) ;unknown;from 21 to 24 years;value [person];2014;0;
Victims of rape and domestic violence ;Poland;rape (ICCS 03011) ;unknown;from 25 to 29 years;value [person];2014;0;
Victims of rape and domestic violence ;Poland;rape (ICCS 03011) ;unknown;from 30 to 49 years;value [person];2014;0;
Victims of rape and domestic violence ;Poland;rape (ICCS 03011) ;unknown;50 years and more;value [person];2014;0;
Victims of rape and domestic violence ;Poland;rape (ICCS 03011) ;unknown;unknown/unidentified;value [person];2014;9;
Victims of rape and domestic violence ;Poland;rape (art. 197 Criminal Code);males;up to 16 years;value [person];2014;0;
Victims of rape and domestic violence ;Poland;rape (art. 197 Criminal Code);males;from 17 to 20 years;value [person];2014;0;
Victims of rape and domestic violence ;Poland;rape (art. 197 Criminal Code);males;from 21 to 24 years;value [person];2014;0;
Victims of rape and domestic violence ;Poland;rape (art. 197 Criminal Code);males;from 25 to 29 years;value [person];2014;0;
Victims of rape and domestic violence ;Poland;rape (art. 197 Criminal Code);males;from 30 to 49 years;value [person];2014;0;
Victims of rape and domestic violence ;Poland;rape (art. 197 Criminal Code);males;50 years and more;value [person];2014;0;
Victims of rape and domestic violence ;Poland;rape (art. 197 Criminal Code);males;unknown/unidentified;value [person];2014;95;
Victims of rape and domestic violence ;Poland;rape (art. 197 Criminal Code);females;up to 16 years;value [person];2014;3;
Victims of rape and domestic violence ;Poland;rape (art. 197 Criminal Code);females;from 17 to 20 years;value [person];2014;0;
Victims of rape and domestic violence ;Poland;rape (art. 197 Criminal Code);females;from 21 to 24 years;value [person];2014;0;
Victims of rape and domestic violence ;Poland;rape (art. 197 Criminal Code);females;from 25 to 29 years;value [person];2014;0;
Victims of rape and domestic violence ;Poland;rape (art. 197 Criminal Code);females;from 30 to 49 years;value [person];2014;0;
Victims of rape and domestic violence ;Poland;rape (art. 197 Criminal Code);females;50 years and more;value [person];2014;2;
Victims of rape and domestic violence ;Poland;rape (art. 197 Criminal Code);females;unknown/unidentified;value [person];2014;1244;
Victims of rape and domestic violence ;Poland;rape (art. 197 Criminal Code);unknown;up to 16 years;value [person];2014;0;
Victims of rape and domestic violence ;Poland;rape (art. 197 Criminal Code);unknown;from 17 to 20 years;value [person];2014;0;
Victims of rape and domestic violence ;Poland;rape (art. 197 Criminal Code);unknown;from 21 to 24 years;value [person];2014;0;
Victims of rape and domestic violence ;Poland;rape (art. 197 Criminal Code);unknown;from 25 to 29 years;value [person];2014;0;
Victims of rape and domestic violence ;Poland;rape (art. 197 Criminal Code);unknown;from 30 to 49 years;value [person];2014;0;
Victims of rape and domestic violence ;Poland;rape (art. 197 Criminal Code);unknown;50 years and more;value [person];2014;0;
Victims of rape and domestic violence ;Poland;rape (art. 197 Criminal Code);unknown;unknown/unidentified;value [person];2014;14;
Victims of rape and domestic violence ;Poland;domestic violence (Art. 207 Criminal Code) ;males;up to 16 years;value [person];2014;2;
Victims of rape and domestic violence ;Poland;domestic violence (Art. 207 Criminal Code) ;males;from 17 to 20 years;value [person];2014;0;
Victims of rape and domestic violence ;Poland;domestic violence (Art. 207 Criminal Code) ;males;from 21 to 24 years;value [person];2014;2;
Victims of rape and domestic violence ;Poland;domestic violence (Art. 207 Criminal Code) ;males;from 25 to 29 years;value [person];2014;0;
Victims of rape and domestic violence ;Poland;domestic violence (Art. 207 Criminal Code) ;males;from 30 to 49 years;value [person];2014;0;
Victims of rape and domestic violence ;Poland;domestic violence (Art. 207 Criminal Code) ;males;50 years and more;value [person];2014;2;
Victims of rape and domestic violence ;Poland;domestic violence (Art. 207 Criminal Code) ;males;unknown/unidentified;value [person];2014;4569;
Victims of rape and domestic violence ;Poland;domestic violence (Art. 207 Criminal Code) ;females;up to 16 years;value [person];2014;5;
Victims of rape and domestic violence ;Poland;domestic violence (Art. 207 Criminal Code) ;females;from 17 to 20 years;value [person];2014;1;
Victims of rape and domestic violence ;Poland;domestic violence (Art. 207 Criminal Code) ;females;from 21 to 24 years;value [person];2014;2;
Victims of rape and domestic violence ;Poland;domestic violence (Art. 207 Criminal Code) ;females;from 25 to 29 years;value [person];2014;4;
Victims of rape and domestic violence ;Poland;domestic violence (Art. 207 Criminal Code) ;females;from 30 to 49 years;value [person];2014;16;
Victims of rape and domestic violence ;Poland;domestic violence (Art. 207 Criminal Code) ;females;50 years and more;value [person];2014;12;
Victims of rape and domestic violence ;Poland;domestic violence (Art. 207 Criminal Code) ;females;unknown/unidentified;value [person];2014;18370;
Victims of rape and domestic violence ;Poland;domestic violence (Art. 207 Criminal Code) ;unknown;up to 16 years;value [person];2014;0;
Victims of rape and domestic violence ;Poland;domestic violence (Art. 207 Criminal Code) ;unknown;from 17 to 20 years;value [person];2014;0;
Victims of rape and domestic violence ;Poland;domestic violence (Art. 207 Criminal Code) ;unknown;from 21 to 24 years;value [person];2014;0;
Victims of rape and domestic violence ;Poland;domestic violence (Art. 207 Criminal Code) ;unknown;from 25 to 29 years;value [person];2014;0;
Victims of rape and domestic violence ;Poland;domestic violence (Art. 207 Criminal Code) ;unknown;from 30 to 49 years;value [person];2014;0;
Victims of rape and domestic violence ;Poland;domestic violence (Art. 207 Criminal Code) ;unknown;50 years and more;value [person];2014;0;
Victims of rape and domestic violence ;Poland;domestic violence (Art. 207 Criminal Code) ;unknown;unknown/unidentified;value [person];2014;230;
Victims of rape and domestic violence ;Poland;rape (ICCS 03011) ;males;up to 16 years;value [person];2013;0;
Victims of rape and domestic violence ;Poland;rape (ICCS 03011) ;males;from 17 to 20 years;value [person];2013;0;
Victims of rape and domestic violence ;Poland;rape (ICCS 03011) ;males;from 21 to 24 years;value [person];2013;0;
Victims of rape and domestic violence ;Poland;rape (ICCS 03011) ;males;from 25 to 29 years;value [person];2013;0;
Victims of rape and domestic violence ;Poland;rape (ICCS 03011) ;males;from 30 to 49 years;value [person];2013;0;
Victims of rape and domestic violence ;Poland;rape (ICCS 03011) ;males;50 years and more;value [person];2013;0;
Victims of rape and domestic violence ;Poland;rape (ICCS 03011) ;males;unknown/unidentified;value [person];2013;28;
Victims of rape and domestic violence ;Poland;rape (ICCS 03011) ;females;up to 16 years;value [person];2013;1;
Victims of rape and domestic violence ;Poland;rape (ICCS 03011) ;females;from 17 to 20 years;value [person];2013;0;
Victims of rape and domestic violence ;Poland;rape (ICCS 03011) ;females;from 21 to 24 years;value [person];2013;0;
Victims of rape and domestic violence ;Poland;rape (ICCS 03011) ;females;from 25 to 29 years;value [person];2013;0;
Victims of rape and domestic violence ;Poland;rape (ICCS 03011) ;females;from 30 to 49 years;value [person];2013;1;
Victims of rape and domestic violence ;Poland;rape (ICCS 03011) ;females;50 years and more;value [person];2013;0;
Victims of rape and domestic violence ;Poland;rape (ICCS 03011) ;females;unknown/unidentified;value [person];2013;752;
Victims of rape and domestic violence ;Poland;rape (ICCS 03011) ;unknown;up to 16 years;value [person];2013;0;
Victims of rape and domestic violence ;Poland;rape (ICCS 03011) ;unknown;from 17 to 20 years;value [person];2013;0;
Victims of rape and domestic violence ;Poland;rape (ICCS 03011) ;unknown;from 21 to 24 years;value [person];2013;0;
Victims of rape and domestic violence ;Poland;rape (ICCS 03011) ;unknown;from 25 to 29 years;value [person];2013;0;
Victims of rape and domestic violence ;Poland;rape (ICCS 03011) ;unknown;from 30 to 49 years;value [person];2013;0;
Victims of rape and domestic violence ;Poland;rape (ICCS 03011) ;unknown;50 years and more;value [person];2013;0;
Victims of rape and domestic violence ;Poland;rape (ICCS 03011) ;unknown;unknown/unidentified;value [person];2013;14;
Victims of rape and domestic violence ;Poland;rape (art. 197 Criminal Code);males;up to 16 years;value [person];2013;0;
Victims of rape and domestic violence ;Poland;rape (art. 197 Criminal Code);males;from 17 to 20 years;value [person];2013;0;
Victims of rape and domestic violence ;Poland;rape (art. 197 Criminal Code);males;from 21 to 24 years;value [person];2013;0;
Victims of rape and domestic violence ;Poland;rape (art. 197 Criminal Code);males;from 25 to 29 years;value [person];2013;0;
Victims of rape and domestic violence ;Poland;rape (art. 197 Criminal Code);males;from 30 to 49 years;value [person];2013;0;
Victims of rape and domestic violence ;Poland;rape (art. 197 Criminal Code);males;50 years and more;value [person];2013;0;
Victims of rape and domestic violence ;Poland;rape (art. 197 Criminal Code);males;unknown/unidentified;value [person];2013;89;
Victims of rape and domestic violence ;Poland;rape (art. 197 Criminal Code);females;up to 16 years;value [person];2013;1;
Victims of rape and domestic violence ;Poland;rape (art. 197 Criminal Code);females;from 17 to 20 years;value [person];2013;0;
Victims of rape and domestic violence ;Poland;rape (art. 197 Criminal Code);females;from 21 to 24 years;value [person];2013;0;
Victims of rape and domestic violence ;Poland;rape (art. 197 Criminal Code);females;from 25 to 29 years;value [person];2013;0;
Victims of rape and domestic violence ;Poland;rape (art. 197 Criminal Code);females;from 30 to 49 years;value [person];2013;1;
Victims of rape and domestic violence ;Poland;rape (art. 197 Criminal Code);females;50 years and more;value [person];2013;0;
Victims of rape and domestic violence ;Poland;rape (art. 197 Criminal Code);females;unknown/unidentified;value [person];2013;1286;
Victims of rape and domestic violence ;Poland;rape (art. 197 Criminal Code);unknown;up to 16 years;value [person];2013;0;
Victims of rape and domestic violence ;Poland;rape (art. 197 Criminal Code);unknown;from 17 to 20 years;value [person];2013;0;
Victims of rape and domestic violence ;Poland;rape (art. 197 Criminal Code);unknown;from 21 to 24 years;value [person];2013;0;
Victims of rape and domestic violence ;Poland;rape (art. 197 Criminal Code);unknown;from 25 to 29 years;value [person];2013;0;
Victims of rape and domestic violence ;Poland;rape (art. 197 Criminal Code);unknown;from 30 to 49 years;value [person];2013;0;
Victims of rape and domestic violence ;Poland;rape (art. 197 Criminal Code);unknown;50 years and more;value [person];2013;0;
Victims of rape and domestic violence ;Poland;rape (art. 197 Criminal Code);unknown;unknown/unidentified;value [person];2013;26;
Victims of rape and domestic violence ;Poland;domestic violence (Art. 207 Criminal Code) ;males;up to 16 years;value [person];2013;6;
Victims of rape and domestic violence ;Poland;domestic violence (Art. 207 Criminal Code) ;males;from 17 to 20 years;value [person];2013;0;
Victims of rape and domestic violence ;Poland;domestic violence (Art. 207 Criminal Code) ;males;from 21 to 24 years;value [person];2013;0;
Victims of rape and domestic violence ;Poland;domestic violence (Art. 207 Criminal Code) ;males;from 25 to 29 years;value [person];2013;0;
Victims of rape and domestic violence ;Poland;domestic violence (Art. 207 Criminal Code) ;males;from 30 to 49 years;value [person];2013;1;
Victims of rape and domestic violence ;Poland;domestic violence (Art. 207 Criminal Code) ;males;50 years and more;value [person];2013;1;
Victims of rape and domestic violence ;Poland;domestic violence (Art. 207 Criminal Code) ;males;unknown/unidentified;value [person];2013;4396;
Victims of rape and domestic violence ;Poland;domestic violence (Art. 207 Criminal Code) ;females;up to 16 years;value [person];2013;2;
Victims of rape and domestic violence ;Poland;domestic violence (Art. 207 Criminal Code) ;females;from 17 to 20 years;value [person];2013;1;
Victims of rape and domestic violence ;Poland;domestic violence (Art. 207 Criminal Code) ;females;from 21 to 24 years;value [person];2013;0;
Victims of rape and domestic violence ;Poland;domestic violence (Art. 207 Criminal Code) ;females;from 25 to 29 years;value [person];2013;2;
Victims of rape and domestic violence ;Poland;domestic violence (Art. 207 Criminal Code) ;females;from 30 to 49 years;value [person];2013;11;
Victims of rape and domestic violence ;Poland;domestic violence (Art. 207 Criminal Code) ;females;50 years and more;value [person];2013;6;
Victims of rape and domestic violence ;Poland;domestic violence (Art. 207 Criminal Code) ;females;unknown/unidentified;value [person];2013;17513;
Victims of rape and domestic violence ;Poland;domestic violence (Art. 207 Criminal Code) ;unknown;up to 16 years;value [person];2013;0;
Victims of rape and domestic violence ;Poland;domestic violence (Art. 207 Criminal Code) ;unknown;from 17 to 20 years;value [person];2013;0;
Victims of rape and domestic violence ;Poland;domestic violence (Art. 207 Criminal Code) ;unknown;from 21 to 24 years;value [person];2013;0;
Victims of rape and domestic violence ;Poland;domestic violence (Art. 207 Criminal Code) ;unknown;from 25 to 29 years;value [person];2013;0;
Victims of rape and domestic violence ;Poland;domestic violence (Art. 207 Criminal Code) ;unknown;from 30 to 49 years;value [person];2013;0;
Victims of rape and domestic violence ;Poland;domestic violence (Art. 207 Criminal Code) ;unknown;50 years and more;value [person];2013;0;
Victims of rape and domestic violence ;Poland;domestic violence (Art. 207 Criminal Code) ;unknown;unknown/unidentified;value [person];2013;522;
